URL,Category
https://smurfettescleaningservice.net/professional-tile-grout-cleaning-lathlain-restore-your-surfaces/,Tile & Grout Cleaning
https://smurfettescleaningservice.net/professional-tile-grout-cleaning-east-victoria-park-restore-your-surfaces/,Tile & Grout Cleaning
https://smurfettescleaningservice.net/professional-tile-grout-cleaning-carlisle-restore-your-surfaces/,Tile & Grout Cleaning
https://smurfettescleaningservice.net/professional-tile-grout-cleaning-burswood-restore-your-surfaces/,Tile & Grout Cleaning
https://smurfettescleaningservice.net/professional-tile-grout-cleaning-woodbridge-restore-your-surfaces/,Tile & Grout Cleaning
https://smurfettescleaningservice.net/professional-tile-grout-cleaning-whiteman-restore-your-surfaces/,Tile & Grout Cleaning
https://smurfettescleaningservice.net/professional-tile-grout-cleaning-west-swan-restore-your-surfaces/,Tile & Grout Cleaning
https://smurfettescleaningservice.net/professional-tile-grout-cleaning-viveash-restore-your-surfaces/,Tile & Grout Cleaning
https://smurfettescleaningservice.net/professional-tile-grout-cleaning-valley-ridge-restore-your-surfaces/,Tile & Grout Cleaning
https://smurfettescleaningservice.net/professional-tile-grout-cleaning-upper-swan-restore-your-surfaces/,Tile & Grout Cleaning
https://smurfettescleaningservice.net/professional-tile-grout-cleaning-the-vines-restore-your-surfaces/,Tile & Grout Cleaning
https://smurfettescleaningservice.net/professional-tile-grout-cleaning-stratton-restore-your-surfaces/,Tile & Grout Cleaning
https://smurfettescleaningservice.net/professional-tile-grout-cleaning-south-guilford-restore-your-surfaces/,Tile & Grout Cleaning
https://smurfettescleaningservice.net/professional-tile-grout-cleaning-red-hill-restore-your-surfaces/,Tile & Grout Cleaning
https://smurfettescleaningservice.net/professional-tile-grout-cleaning-millendon-restore-your-surfaces/,Tile & Grout Cleaning
https://smurfettescleaningservice.net/professional-tile-grout-cleaning-midvale-restore-your-surfaces/,Tile & Grout Cleaning
https://smurfettescleaningservice.net/professional-tile-grout-cleaning-midland-restore-your-surfaces/,Tile & Grout Cleaning
https://smurfettescleaningservice.net/professional-tile-grout-cleaning-middle-swan-restore-your-surfaces/,Tile & Grout Cleaning
https://smurfettescleaningservice.net/professional-tile-grout-cleaning-melaleuca-restore-your-surfaces/,Tile & Grout Cleaning
https://smurfettescleaningservice.net/professional-tile-grout-cleaning-malaga-restore-your-surfaces/,Tile & Grout Cleaning
https://smurfettescleaningservice.net/professional-tile-grout-cleaning-lockridge-restore-your-surfaces/,Tile & Grout Cleaning
https://smurfettescleaningservice.net/professional-tile-grout-cleaning-lexia-restore-your-surfaces/,Tile & Grout Cleaning
https://smurfettescleaningservice.net/professional-tile-grout-cleaning-koongamia-restore-your-surfaces/,Tile & Grout Cleaning
https://smurfettescleaningservice.net/professional-tile-grout-cleaning-kiara-restore-your-surfaces/,Tile & Grout Cleaning
https://smurfettescleaningservice.net/professional-tile-grout-cleaning-jane-brook-restore-your-surfaces/,Tile & Grout Cleaning
https://smurfettescleaningservice.net/professional-tile-grout-cleaning-herne-hill-restore-your-surfaces/,Tile & Grout Cleaning
https://smurfettescleaningservice.net/professional-tile-grout-cleaning-henley-brook-restore-your-surfaces/,Tile & Grout Cleaning
https://smurfettescleaningservice.net/professional-tile-grout-cleaning-hazelmere-restore-your-surfaces/,Tile & Grout Cleaning
https://smurfettescleaningservice.net/professional-tile-grout-cleaning-guildford-restore-your-surfaces/,Tile & Grout Cleaning
https://smurfettescleaningservice.net/professional-tile-grout-cleaning-gidgegannup-restore-your-surfaces/,Tile & Grout Cleaning
https://smurfettescleaningservice.net/professional-tile-grout-cleaning-ellenbrook-restore-your-surfaces/,Tile & Grout Cleaning
https://smurfettescleaningservice.net/professional-tile-grout-cleaning-dayton-restore-your-surfaces/,Tile & Grout Cleaning
https://smurfettescleaningservice.net/professional-tile-grout-cleaning-cullacabardee-restore-your-surfaces/,Tile & Grout Cleaning
https://smurfettescleaningservice.net/professional-tile-grout-cleaning-caversham-restore-your-surfaces/,Tile & Grout Cleaning
https://smurfettescleaningservice.net/professional-tile-grout-cleaning-bullsbrook-restore-your-surfaces/,Tile & Grout Cleaning
https://smurfettescleaningservice.net/professional-tile-grout-cleaning-brigadoon-restore-your-surfaces/,Tile & Grout Cleaning
https://smurfettescleaningservice.net/professional-tile-grout-cleaning-brabham-restore-your-surfaces/,Tile & Grout Cleaning
https://smurfettescleaningservice.net/professional-tile-grout-cleaning-bennett-springs-restore-your-surfaces/,Tile & Grout Cleaning
https://smurfettescleaningservice.net/professional-tile-grout-cleaning-bellevue-restore-your-surfaces/,Tile & Grout Cleaning
https://smurfettescleaningservice.net/professional-tile-grout-cleaning-belhus-restore-your-surfaces/,Tile & Grout Cleaning
https://smurfettescleaningservice.net/professional-tile-grout-cleaning-beechboro-restore-your-surfaces/,Tile & Grout Cleaning
https://smurfettescleaningservice.net/professional-tile-grout-cleaning-baskerville-restore-your-surfaces/,Tile & Grout Cleaning
https://smurfettescleaningservice.net/professional-tile-grout-cleaning-ballajura-restore-your-surfaces/,Tile & Grout Cleaning
https://smurfettescleaningservice.net/professional-tile-grout-cleaning-aveley-restore-your-surfaces/,Tile & Grout Cleaning
https://smurfettescleaningservice.net/professional-tile-grout-cleaning-subiaco-restore-your-surfaces/,Tile & Grout Cleaning
https://smurfettescleaningservice.net/professional-tile-grout-cleaning-shenton-park-restore-your-surfaces/,Tile & Grout Cleaning
https://smurfettescleaningservice.net/professional-tile-grout-cleaning-jolimont-restore-your-surfaces/,Tile & Grout Cleaning
https://smurfettescleaningservice.net/professional-tile-grout-cleaning-crawley-restore-your-surfaces/,Tile & Grout Cleaning
https://smurfettescleaningservice.net/professional-tile-grout-cleaning-yokine-restore-your-surfaces/,Tile & Grout Cleaning
https://smurfettescleaningservice.net/professional-tile-grout-cleaning-woodlands-restore-your-surfaces/,Tile & Grout Cleaning
https://smurfettescleaningservice.net/professional-tile-grout-cleaning-westminster-restore-your-surfaces/,Tile & Grout Cleaning
https://smurfettescleaningservice.net/professional-tile-grout-cleaning-wembley-downs-restore-your-surfaces/,Tile & Grout Cleaning
https://smurfettescleaningservice.net/professional-tile-grout-cleaning-watermans-bay-restore-your-surfaces/,Tile & Grout Cleaning
https://smurfettescleaningservice.net/professional-tile-grout-cleaning-tuart-hill-restore-your-surfaces/,Tile & Grout Cleaning
https://smurfettescleaningservice.net/professional-tile-grout-cleaning-trigg-restore-your-surfaces/,Tile & Grout Cleaning
https://smurfettescleaningservice.net/professional-tile-grout-cleaning-stirling-restore-your-surfaces/,Tile & Grout Cleaning
https://smurfettescleaningservice.net/professional-tile-grout-cleaning-scarborough-restore-your-surfaces/,Tile & Grout Cleaning
https://smurfettescleaningservice.net/professional-tile-grout-cleaning-osborne-park-restore-your-surfaces/,Tile & Grout Cleaning
https://smurfettescleaningservice.net/professional-tile-grout-cleaning-north-beach-restore-your-surfaces/,Tile & Grout Cleaning
https://smurfettescleaningservice.net/professional-tile-grout-cleaning-nollamara-restore-your-surfaces/,Tile & Grout Cleaning
https://smurfettescleaningservice.net/professional-tile-grout-cleaning-mt-lawley-restore-your-surfaces/,Tile & Grout Cleaning
https://smurfettescleaningservice.net/professional-tile-grout-cleaning-mirrabooka-restore-your-surfaces/,Tile & Grout Cleaning
https://smurfettescleaningservice.net/professional-tile-grout-cleaning-menora-restore-your-surfaces/,Tile & Grout Cleaning
https://smurfettescleaningservice.net/professional-tile-grout-cleaning-karrinyup-restore-your-surfaces/,Tile & Grout Cleaning
https://smurfettescleaningservice.net/professional-tile-grout-cleaning-joondanna-restore-your-surfaces/,Tile & Grout Cleaning
https://smurfettescleaningservice.net/professional-tile-grout-cleaning-innaloo-restore-your-surfaces/,Tile & Grout Cleaning
https://smurfettescleaningservice.net/professional-tile-grout-cleaning-inglewood-restore-your-surfaces/,Tile & Grout Cleaning
https://smurfettescleaningservice.net/professional-tile-grout-cleaning-hamersley-restore-your-surfaces/,Tile & Grout Cleaning
https://smurfettescleaningservice.net/professional-tile-grout-cleaning-gwelup-restore-your-surfaces/,Tile & Grout Cleaning
https://smurfettescleaningservice.net/professional-tile-grout-cleaning-doubleview-restore-your-surfaces/,Tile & Grout Cleaning
https://smurfettescleaningservice.net/professional-tile-grout-cleaning-glendalough-restore-your-surfaces/,Tile & Grout Cleaning
https://smurfettescleaningservice.net/professional-tile-grout-cleaning-dianella-restore-your-surfaces-2/,Tile & Grout Cleaning
https://smurfettescleaningservice.net/professional-tile-grout-cleaning-coolbinia-restore-your-surfaces/,Tile & Grout Cleaning
https://smurfettescleaningservice.net/professional-tile-grout-cleaning-churhlands-restore-your-surfaces/,Tile & Grout Cleaning
https://smurfettescleaningservice.net/professional-tile-grout-cleaning-carine-restore-your-surfaces/,Tile & Grout Cleaning
https://smurfettescleaningservice.net/professional-tile-grout-cleaning-balga-restore-your-surfaces/,Tile & Grout Cleaning
https://smurfettescleaningservice.net/professional-tile-grout-cleaning-balcatta-restore-your-surfaces/,Tile & Grout Cleaning
https://smurfettescleaningservice.net/professional-tile-grout-cleaning-waterford-restore-your-surfaces/,Tile & Grout Cleaning
https://smurfettescleaningservice.net/professional-tile-grout-cleaning-south-perth-restore-your-surfaces/,Tile & Grout Cleaning
https://smurfettescleaningservice.net/professional-tile-grout-cleaning-salter-point-restore-your-surfaces/,Tile & Grout Cleaning
https://smurfettescleaningservice.net/professional-tile-grout-cleaning-manning-restore-your-surfaces/,Tile & Grout Cleaning
https://smurfettescleaningservice.net/professional-tile-grout-cleaning-kensington-restore-your-surfaces/,Tile & Grout Cleaning
https://smurfettescleaningservice.net/professional-tile-grout-cleaning-karawara-restore-your-surfaces/,Tile & Grout Cleaning
https://smurfettescleaningservice.net/professional-tile-grout-cleaning-como-restore-your-surfaces/,Tile & Grout Cleaning
https://smurfettescleaningservice.net/professional-tile-grout-cleaning-byford-restore-your-surfaces/,Tile & Grout Cleaning
https://smurfettescleaningservice.net/professional-tile-grout-cleaning-warnbro-restore-your-surfaces/,Tile & Grout Cleaning
https://smurfettescleaningservice.net/professional-tile-grout-cleaning-waikiki-restore-your-surfaces/,Tile & Grout Cleaning
https://smurfettescleaningservice.net/professional-tile-grout-cleaning-singleton-restore-your-surfaces/,Tile & Grout Cleaning
https://smurfettescleaningservice.net/professional-tile-grout-cleaning-shoalwater-restore-your-surfaces/,Tile & Grout Cleaning
https://smurfettescleaningservice.net/professional-tile-grout-cleaning-secret-harbour-restore-your-surfaces/,Tile & Grout Cleaning
https://smurfettescleaningservice.net/professional-tile-grout-cleaning-safety-bay-restore-your-surfaces/,Tile & Grout Cleaning
https://smurfettescleaningservice.net/professional-tile-grout-cleaning-rockingham-restore-your-surfaces/,Tile & Grout Cleaning
https://smurfettescleaningservice.net/professional-tile-grout-cleaning-peron-restore-your-surfaces/,Tile & Grout Cleaning
https://smurfettescleaningservice.net/professional-tile-grout-cleaning-port-kennedy-restore-your-surfaces/,Tile & Grout Cleaning
https://smurfettescleaningservice.net/professional-tile-grout-cleaning-karnup-restore-your-surfaces/,Tile & Grout Cleaning
https://smurfettescleaningservice.net/professional-tile-grout-cleaning-hillman-restore-your-surfaces/,Tile & Grout Cleaning
https://smurfettescleaningservice.net/professional-tile-grout-cleaning-golden-bay-restore-your-surfaces/,Tile & Grout Cleaning
https://smurfettescleaningservice.net/professional-tile-grout-cleaning-cooloongup-restore-your-surfaces/,Tile & Grout Cleaning
https://smurfettescleaningservice.net/professional-tile-grout-cleaning-east-rockingham-restore-your-surfaces/,Tile & Grout Cleaning
https://smurfettescleaningservice.net/professional-tile-grout-cleaning-west-perth-restore-your-surfaces/,Tile & Grout Cleaning
https://smurfettescleaningservice.net/professional-tile-grout-cleaning-baldivis-restore-your-surfaces/,Tile & Grout Cleaning
https://smurfettescleaningservice.net/professional-tile-grout-cleaning-perth-restore-your-surfaces/,Tile & Grout Cleaning
https://smurfettescleaningservice.net/professional-tile-grout-cleaning-northbridge-restore-your-surfaces/,Tile & Grout Cleaning
https://smurfettescleaningservice.net/professional-tile-grout-cleaning-kings-park-restore-your-surfaces/,Tile & Grout Cleaning
https://smurfettescleaningservice.net/professional-tile-grout-cleaning-east-perth-restore-your-surfaces/,Tile & Grout Cleaning
https://smurfettescleaningservice.net/professional-tile-grout-cleaning-peppermint-grove-restore-your-surfaces-2/,Tile & Grout Cleaning
https://smurfettescleaningservice.net/professional-tile-grout-cleaning-nedlands-restore-your-surfaces/,Tile & Grout Cleaning
https://smurfettescleaningservice.net/professional-tile-grout-cleaning-karrakatta-restore-your-surfaces/,Tile & Grout Cleaning
https://smurfettescleaningservice.net/professional-tile-grout-cleaning-mt-claremont-restore-your-surfaces/,Tile & Grout Cleaning
https://smurfettescleaningservice.net/professional-tile-grout-cleaning-dalkeith-restore-your-surfaces/,Tile & Grout Cleaning
https://smurfettescleaningservice.net/professional-tile-grout-cleaning-mossman-park-restore-your-surfaces/,Tile & Grout Cleaning
https://smurfettescleaningservice.net/professional-tile-grout-cleaning-winthrop-restore-your-surfaces/,Tile & Grout Cleaning
https://smurfettescleaningservice.net/professional-tile-grout-cleaning-willagee-restore-your-surfaces/,Tile & Grout Cleaning
https://smurfettescleaningservice.net/professional-tile-grout-cleaning-palmyra-restore-your-surfaces/,Tile & Grout Cleaning
https://smurfettescleaningservice.net/professional-tile-grout-cleaning-myaree-restore-your-surfaces/,Tile & Grout Cleaning
https://smurfettescleaningservice.net/professional-tile-grout-cleaning-murdoch-restore-your-surfaces/,Tile & Grout Cleaning
https://smurfettescleaningservice.net/professional-tile-grout-cleaning-mt-pleasant-restore-your-surfaces/,Tile & Grout Cleaning
https://smurfettescleaningservice.net/professional-tile-grout-cleaning-leeming-restore-your-surfaces/,Tile & Grout Cleaning
https://smurfettescleaningservice.net/professional-tile-grout-cleaning-kardinya-restore-your-surfaces/,Tile & Grout Cleaning
https://smurfettescleaningservice.net/professional-tile-grout-cleaning-bull-creek-restore-your-surfaces/,Tile & Grout Cleaning
https://smurfettescleaningservice.net/professional-tile-grout-cleaning-brentwood-restore-your-surfaces/,Tile & Grout Cleaning
https://smurfettescleaningservice.net/professional-tile-grout-cleaning-bicton-restore-your-surfaces/,Tile & Grout Cleaning
https://smurfettescleaningservice.net/professional-tile-grout-cleaning-booragoon-restore-your-surfaces/,Tile & Grout Cleaning
https://smurfettescleaningservice.net/professional-tile-grout-cleaning-bateman-restore-your-surfaces/,Tile & Grout Cleaning
https://smurfettescleaningservice.net/professional-tile-grout-cleaning-attadale-restore-your-surfaces/,Tile & Grout Cleaning
https://smurfettescleaningservice.net/professional-tile-grout-cleaning-ardross-restore-your-surfaces/,Tile & Grout Cleaning
https://smurfettescleaningservice.net/professional-tile-grout-cleaning-applecross-restore-your-surfaces/,Tile & Grout Cleaning
https://smurfettescleaningservice.net/professional-tile-grout-cleaning-alfred-cove-restore-your-surfaces/,Tile & Grout Cleaning
https://smurfettescleaningservice.net/professional-tile-grout-cleaning-melville-restore-your-surfaces/,Tile & Grout Cleaning
https://smurfettescleaningservice.net/professional-tile-grout-cleaning-pinjarra-restore-your-surfaces/,Tile & Grout Cleaning
https://smurfettescleaningservice.net/professional-tile-grout-cleaning-north-yunderup-restore-your-surfaces/,Tile & Grout Cleaning
https://smurfettescleaningservice.net/professional-tile-grout-cleaning-south-yunderup-restore-your-surfaces/,Tile & Grout Cleaning
https://smurfettescleaningservice.net/professional-tile-grout-cleaning-furnissdale-restore-your-surfaces/,Tile & Grout Cleaning
https://smurfettescleaningservice.net/professional-tile-grout-cleaning-barragup-restore-your-surfaces/,Tile & Grout Cleaning
https://smurfettescleaningservice.net/professional-tile-grout-cleaning-dawesville-restore-your-surfaces/,Tile & Grout Cleaning
https://smurfettescleaningservice.net/professional-tile-grout-cleaning-wannanup-restore-your-surfaces/,Tile & Grout Cleaning
https://smurfettescleaningservice.net/professional-tile-grout-cleaning-san-remo-restore-your-surfaces/,Tile & Grout Cleaning
https://smurfettescleaningservice.net/professional-tile-grout-cleaning-silver-sands-restore-your-surfaces/,Tile & Grout Cleaning
https://smurfettescleaningservice.net/professional-tile-grout-cleaning-madora-bay-restore-your-surfaces/,Tile & Grout Cleaning
https://smurfettescleaningservice.net/professional-tile-grout-cleaning-meadow-springs-restore-your-surfaces/,Tile & Grout Cleaning
https://smurfettescleaningservice.net/professional-tile-grout-cleaning-lakelands-restore-your-surfaces/,Tile & Grout Cleaning
https://smurfettescleaningservice.net/professional-tile-grout-cleaning-halls-head-restore-your-surfaces/,Tile & Grout Cleaning
https://smurfettescleaningservice.net/professional-tile-grout-cleaning-greenfields-restore-your-surfaces/,Tile & Grout Cleaning
https://smurfettescleaningservice.net/professional-tile-grout-cleaning-falcon-restore-your-surfaces/,Tile & Grout Cleaning
https://smurfettescleaningservice.net/professional-tile-grout-cleaning-erskine-restore-your-surfaces/,Tile & Grout Cleaning
https://smurfettescleaningservice.net/professional-tile-grout-cleaning-dudley-park-restore-your-surfaces/,Tile & Grout Cleaning
https://smurfettescleaningservice.net/professional-tile-grout-cleaning-coodanup-restore-your-surfaces/,Tile & Grout Cleaning
https://smurfettescleaningservice.net/professional-tile-grout-cleaning-bouvard-restore-your-surfaces/,Tile & Grout Cleaning
https://smurfettescleaningservice.net/professional-tile-grout-cleaning-mandurah-restore-your-surfaces/,Tile & Grout Cleaning
https://smurfettescleaningservice.net/professional-tile-grout-cleaning-wellard-restore-your-surfaces/,Tile & Grout Cleaning
https://smurfettescleaningservice.net/professional-tile-grout-cleaning-wandi-restore-your-surfaces/,Tile & Grout Cleaning
https://smurfettescleaningservice.net/professional-tile-grout-cleaning-naval-base-restore-your-surfaces/,Tile & Grout Cleaning
https://smurfettescleaningservice.net/professional-tile-grout-cleaning-the-spectacles-restore-your-surfaces/,Tile & Grout Cleaning
https://smurfettescleaningservice.net/professional-tile-grout-cleaning-postans-restore-your-surfaces/,Tile & Grout Cleaning
https://smurfettescleaningservice.net/professional-tile-grout-cleaning-parmelia-restore-your-surfaces/,Tile & Grout Cleaning
https://smurfettescleaningservice.net/professional-tile-grout-cleaning-orelia-restore-your-surfaces/,Tile & Grout Cleaning
https://smurfettescleaningservice.net/professional-tile-grout-cleaning-medina-restore-your-surfaces/,Tile & Grout Cleaning
https://smurfettescleaningservice.net/professional-tile-grout-cleaning-mandogalup-restore-your-surfaces/,Tile & Grout Cleaning
https://smurfettescleaningservice.net/professional-tile-grout-cleaning-leda-restore-your-surfaces/,Tile & Grout Cleaning
https://smurfettescleaningservice.net/professional-tile-grout-cleaning-kwinana-restore-your-surfaces/,Tile & Grout Cleaning
https://smurfettescleaningservice.net/professional-tile-grout-cleaning-hope-valley-restore-your-surfaces/,Tile & Grout Cleaning
https://smurfettescleaningservice.net/professional-tile-grout-cleaning-casuarina-restore-your-surfaces/,Tile & Grout Cleaning
https://smurfettescleaningservice.net/professional-tile-grout-cleaning-calista-restore-your-surfaces/,Tile & Grout Cleaning
https://smurfettescleaningservice.net/professional-tile-grout-cleaning-bertram-restore-your-surfaces/,Tile & Grout Cleaning
https://smurfettescleaningservice.net/professional-tile-grout-cleaning-anketell-restore-your-surfaces/,Tile & Grout Cleaning
https://smurfettescleaningservice.net/professional-tile-grout-cleaning-wattle-grove-restore-your-surfaces/,Tile & Grout Cleaning
https://smurfettescleaningservice.net/professional-tile-grout-cleaning-walliston-restore-your-surfaces/,Tile & Grout Cleaning
https://smurfettescleaningservice.net/professional-tile-grout-cleaning-piesse-brook-restore-your-surfaces/,Tile & Grout Cleaning
https://smurfettescleaningservice.net/professional-tile-grout-cleaning-pickering-brook-restore-your-surfaces/,Tile & Grout Cleaning
https://smurfettescleaningservice.net/professional-tile-grout-cleaning-paulls-valley-restore-your-surfaces/,Tile & Grout Cleaning
https://smurfettescleaningservice.net/professional-tile-grout-cleaning-maida-vale-restore-your-surfaces/,Tile & Grout Cleaning
https://smurfettescleaningservice.net/professional-tile-grout-cleaning-lesmurdie-restore-your-surfaces/,Tile & Grout Cleaning
https://smurfettescleaningservice.net/professional-tile-grout-cleaning-kalamunda-restore-your-surfaces/,Tile & Grout Cleaning
https://smurfettescleaningservice.net/professional-tile-grout-cleaning-high-wycombe-restore-your-surfaces/,Tile & Grout Cleaning
https://smurfettescleaningservice.net/professional-tile-grout-cleaning-hacketts-gully-restore-your-surfaces/,Tile & Grout Cleaning
https://smurfettescleaningservice.net/professional-tile-grout-cleaning-gooseberry-hill-restore-your-surfaces/,Tile & Grout Cleaning
https://smurfettescleaningservice.net/professional-tile-grout-cleaning-forrestfield-restore-your-surfaces/,Tile & Grout Cleaning
https://smurfettescleaningservice.net/professional-tile-grout-cleaning-carmel-restore-your-surfaces/,Tile & Grout Cleaning
https://smurfettescleaningservice.net/professional-tile-grout-cleaning-canning-mills-restore-your-surfaces/,Tile & Grout Cleaning
https://smurfettescleaningservice.net/professional-tile-grout-cleaning-bickley-restore-your-surfaces/,Tile & Grout Cleaning
https://smurfettescleaningservice.net/professional-tile-grout-cleaning-woodvale-restore-your-surfaces/,Tile & Grout Cleaning
https://smurfettescleaningservice.net/professional-tile-grout-cleaning-warwick-restore-your-surfaces/,Tile & Grout Cleaning
https://smurfettescleaningservice.net/professional-tile-grout-cleaning-sorrento-restore-your-surfaces/,Tile & Grout Cleaning
https://smurfettescleaningservice.net/professional-tile-grout-cleaning-padbury-restore-your-surfaces/,Tile & Grout Cleaning
https://smurfettescleaningservice.net/professional-tile-grout-cleaning-ocean-reef-restore-your-surfaces/,Tile & Grout Cleaning
https://smurfettescleaningservice.net/professional-tile-grout-cleaning-mullaloo-restore-your-surfaces/,Tile & Grout Cleaning
https://smurfettescleaningservice.net/professional-tile-grout-cleaning-marmion-restore-your-surfaces/,Tile & Grout Cleaning
https://smurfettescleaningservice.net/professional-tile-grout-cleaning-kinross-restore-your-surfaces/,Tile & Grout Cleaning
https://smurfettescleaningservice.net/professional-tile-grout-cleaning-kingsley-restore-your-surfaces/,Tile & Grout Cleaning
https://smurfettescleaningservice.net/professional-tile-grout-cleaning-kallaroo-restore-your-surfaces/,Tile & Grout Cleaning
https://smurfettescleaningservice.net/professional-tile-grout-cleaning-joondalup-restore-your-surfaces/,Tile & Grout Cleaning
https://smurfettescleaningservice.net/professional-tile-grout-cleaning-iluka-restore-your-surfaces/,Tile & Grout Cleaning
https://smurfettescleaningservice.net/professional-tile-grout-cleaning-hillarys-restore-your-surfaces/,Tile & Grout Cleaning
https://smurfettescleaningservice.net/professional-tile-grout-cleaning-heathridge-restore-your-surfaces/,Tile & Grout Cleaning
https://smurfettescleaningservice.net/professional-tile-grout-cleaning-greenwood-restore-your-surfaces/,Tile & Grout Cleaning
https://smurfettescleaningservice.net/professional-tile-grout-cleaning-edgewater-restore-your-surfaces/,Tile & Grout Cleaning
https://smurfettescleaningservice.net/professional-tile-grout-cleaning-duncraig-restore-your-surfaces/,Tile & Grout Cleaning
https://smurfettescleaningservice.net/professional-tile-grout-cleaning-currambine-restore-your-surfaces/,Tile & Grout Cleaning
https://smurfettescleaningservice.net/professional-tile-grout-cleaning-port-kennedy-restore-your-surfaces/,Tile & Grout Cleaning
https://smurfettescleaningservice.net/professional-tile-grout-cleaning-karnup-restore-your-surfaces/,Tile & Grout Cleaning
https://smurfettescleaningservice.net/professional-tile-grout-cleaning-hillman-restore-your-surfaces/,Tile & Grout Cleaning
https://smurfettescleaningservice.net/professional-tile-grout-cleaning-golden-bay-restore-your-surfaces/,Tile & Grout Cleaning
https://smurfettescleaningservice.net/professional-tile-grout-cleaning-cooloongup-restore-your-surfaces/,Tile & Grout Cleaning
https://smurfettescleaningservice.net/professional-tile-grout-cleaning-east-rockingham-restore-your-surfaces/,Tile & Grout Cleaning
https://smurfettescleaningservice.net/professional-tile-grout-cleaning-west-perth-restore-your-surfaces/,Tile & Grout Cleaning
https://smurfettescleaningservice.net/professional-tile-grout-cleaning-baldivis-restore-your-surfaces/,Tile & Grout Cleaning
https://smurfettescleaningservice.net/professional-tile-grout-cleaning-perth-restore-your-surfaces/,Tile & Grout Cleaning
https://smurfettescleaningservice.net/professional-tile-grout-cleaning-northbridge-restore-your-surfaces/,Tile & Grout Cleaning
https://smurfettescleaningservice.net/professional-tile-grout-cleaning-kings-park-restore-your-surfaces/,Tile & Grout Cleaning
https://smurfettescleaningservice.net/professional-tile-grout-cleaning-east-perth-restore-your-surfaces/,Tile & Grout Cleaning
https://smurfettescleaningservice.net/professional-tile-grout-cleaning-peppermint-grove-restore-your-surfaces-2/,Tile & Grout Cleaning
https://smurfettescleaningservice.net/professional-tile-grout-cleaning-nedlands-restore-your-surfaces/,Tile & Grout Cleaning
https://smurfettescleaningservice.net/professional-tile-grout-cleaning-karrakatta-restore-your-surfaces/,Tile & Grout Cleaning
https://smurfettescleaningservice.net/professional-tile-grout-cleaning-mt-claremont-restore-your-surfaces/,Tile & Grout Cleaning
https://smurfettescleaningservice.net/professional-tile-grout-cleaning-dalkeith-restore-your-surfaces/,Tile & Grout Cleaning
https://smurfettescleaningservice.net/professional-tile-grout-cleaning-mossman-park-restore-your-surfaces/,Tile & Grout Cleaning
https://smurfettescleaningservice.net/professional-tile-grout-cleaning-winthrop-restore-your-surfaces/,Tile & Grout Cleaning
https://smurfettescleaningservice.net/professional-tile-grout-cleaning-willagee-restore-your-surfaces/,Tile & Grout Cleaning
https://smurfettescleaningservice.net/professional-tile-grout-cleaning-palmyra-restore-your-surfaces/,Tile & Grout Cleaning
https://smurfettescleaningservice.net/professional-tile-grout-cleaning-myaree-restore-your-surfaces/,Tile & Grout Cleaning
https://smurfettescleaningservice.net/professional-tile-grout-cleaning-murdoch-restore-your-surfaces/,Tile & Grout Cleaning
https://smurfettescleaningservice.net/professional-tile-grout-cleaning-mt-pleasant-restore-your-surfaces/,Tile & Grout Cleaning
https://smurfettescleaningservice.net/professional-tile-grout-cleaning-leeming-restore-your-surfaces/,Tile & Grout Cleaning
https://smurfettescleaningservice.net/professional-tile-grout-cleaning-kardinya-restore-your-surfaces/,Tile & Grout Cleaning
https://smurfettescleaningservice.net/professional-tile-grout-cleaning-bull-creek-restore-your-surfaces/,Tile & Grout Cleaning
https://smurfettescleaningservice.net/professional-tile-grout-cleaning-brentwood-restore-your-surfaces/,Tile & Grout Cleaning
https://smurfettescleaningservice.net/professional-tile-grout-cleaning-bicton-restore-your-surfaces/,Tile & Grout Cleaning
https://smurfettescleaningservice.net/professional-tile-grout-cleaning-booragoon-restore-your-surfaces/,Tile & Grout Cleaning
https://smurfettescleaningservice.net/professional-tile-grout-cleaning-bateman-restore-your-surfaces/,Tile & Grout Cleaning
https://smurfettescleaningservice.net/professional-tile-grout-cleaning-attadale-restore-your-surfaces/,Tile & Grout Cleaning
https://smurfettescleaningservice.net/professional-tile-grout-cleaning-ardross-restore-your-surfaces/,Tile & Grout Cleaning
https://smurfettescleaningservice.net/professional-tile-grout-cleaning-applecross-restore-your-surfaces/,Tile & Grout Cleaning
https://smurfettescleaningservice.net/professional-tile-grout-cleaning-alfred-cove-restore-your-surfaces/,Tile & Grout Cleaning
https://smurfettescleaningservice.net/professional-tile-grout-cleaning-melville-restore-your-surfaces/,Tile & Grout Cleaning
https://smurfettescleaningservice.net/professional-tile-grout-cleaning-pinjarra-restore-your-surfaces/,Tile & Grout Cleaning
https://smurfettescleaningservice.net/professional-tile-grout-cleaning-north-yunderup-restore-your-surfaces/,Tile & Grout Cleaning
https://smurfettescleaningservice.net/professional-tile-grout-cleaning-south-yunderup-restore-your-surfaces/,Tile & Grout Cleaning
https://smurfettescleaningservice.net/professional-tile-grout-cleaning-furnissdale-restore-your-surfaces/,Tile & Grout Cleaning
https://smurfettescleaningservice.net/professional-tile-grout-cleaning-barragup-restore-your-surfaces/,Tile & Grout Cleaning
https://smurfettescleaningservice.net/professional-tile-grout-cleaning-dawesville-restore-your-surfaces/,Tile & Grout Cleaning
https://smurfettescleaningservice.net/professional-tile-grout-cleaning-wannanup-restore-your-surfaces/,Tile & Grout Cleaning
https://smurfettescleaningservice.net/professional-tile-grout-cleaning-san-remo-restore-your-surfaces/,Tile & Grout Cleaning
https://smurfettescleaningservice.net/professional-tile-grout-cleaning-silver-sands-restore-your-surfaces/,Tile & Grout Cleaning
https://smurfettescleaningservice.net/professional-tile-grout-cleaning-madora-bay-restore-your-surfaces/,Tile & Grout Cleaning
https://smurfettescleaningservice.net/professional-tile-grout-cleaning-meadow-springs-restore-your-surfaces/,Tile & Grout Cleaning
https://smurfettescleaningservice.net/professional-tile-grout-cleaning-lakelands-restore-your-surfaces/,Tile & Grout Cleaning
https://smurfettescleaningservice.net/professional-tile-grout-cleaning-halls-head-restore-your-surfaces/,Tile & Grout Cleaning
https://smurfettescleaningservice.net/professional-tile-grout-cleaning-greenfields-restore-your-surfaces/,Tile & Grout Cleaning
https://smurfettescleaningservice.net/professional-tile-grout-cleaning-falcon-restore-your-surfaces/,Tile & Grout Cleaning
https://smurfettescleaningservice.net/professional-tile-grout-cleaning-erskine-restore-your-surfaces/,Tile & Grout Cleaning
https://smurfettescleaningservice.net/professional-tile-grout-cleaning-dudley-park-restore-your-surfaces/,Tile & Grout Cleaning
https://smurfettescleaningservice.net/professional-tile-grout-cleaning-coodanup-restore-your-surfaces/,Tile & Grout Cleaning
https://smurfettescleaningservice.net/professional-tile-grout-cleaning-bouvard-restore-your-surfaces/,Tile & Grout Cleaning
https://smurfettescleaningservice.net/professional-tile-grout-cleaning-mandurah-restore-your-surfaces/,Tile & Grout Cleaning
https://smurfettescleaningservice.net/professional-tile-grout-cleaning-wellard-restore-your-surfaces/,Tile & Grout Cleaning
https://smurfettescleaningservice.net/professional-tile-grout-cleaning-wandi-restore-your-surfaces/,Tile & Grout Cleaning
https://smurfettescleaningservice.net/professional-tile-grout-cleaning-naval-base-restore-your-surfaces/,Tile & Grout Cleaning
https://smurfettescleaningservice.net/professional-tile-grout-cleaning-the-spectacles-restore-your-surfaces/,Tile & Grout Cleaning
https://smurfettescleaningservice.net/professional-tile-grout-cleaning-postans-restore-your-surfaces/,Tile & Grout Cleaning
https://smurfettescleaningservice.net/professional-tile-grout-cleaning-parmelia-restore-your-surfaces/,Tile & Grout Cleaning
https://smurfettescleaningservice.net/professional-tile-grout-cleaning-orelia-restore-your-surfaces/,Tile & Grout Cleaning
https://smurfettescleaningservice.net/professional-tile-grout-cleaning-medina-restore-your-surfaces/,Tile & Grout Cleaning
https://smurfettescleaningservice.net/professional-tile-grout-cleaning-mandogalup-restore-your-surfaces/,Tile & Grout Cleaning
https://smurfettescleaningservice.net/professional-tile-grout-cleaning-leda-restore-your-surfaces/,Tile & Grout Cleaning
https://smurfettescleaningservice.net/professional-tile-grout-cleaning-kwinana-restore-your-surfaces/,Tile & Grout Cleaning
https://smurfettescleaningservice.net/professional-tile-grout-cleaning-hope-valley-restore-your-surfaces/,Tile & Grout Cleaning
https://smurfettescleaningservice.net/professional-tile-grout-cleaning-casuarina-restore-your-surfaces/,Tile & Grout Cleaning
https://smurfettescleaningservice.net/professional-tile-grout-cleaning-calista-restore-your-surfaces/,Tile & Grout Cleaning
https://smurfettescleaningservice.net/professional-tile-grout-cleaning-bertram-restore-your-surfaces/,Tile & Grout Cleaning
https://smurfettescleaningservice.net/professional-tile-grout-cleaning-anketell-restore-your-surfaces/,Tile & Grout Cleaning
https://smurfettescleaningservice.net/professional-tile-grout-cleaning-wattle-grove-restore-your-surfaces/,Tile & Grout Cleaning
https://smurfettescleaningservice.net/professional-tile-grout-cleaning-walliston-restore-your-surfaces/,Tile & Grout Cleaning
https://smurfettescleaningservice.net/professional-tile-grout-cleaning-piesse-brook-restore-your-surfaces/,Tile & Grout Cleaning
https://smurfettescleaningservice.net/professional-tile-grout-cleaning-pickering-brook-restore-your-surfaces/,Tile & Grout Cleaning
https://smurfettescleaningservice.net/professional-tile-grout-cleaning-paulls-valley-restore-your-surfaces/,Tile & Grout Cleaning
https://smurfettescleaningservice.net/professional-tile-grout-cleaning-maida-vale-restore-your-surfaces/,Tile & Grout Cleaning
https://smurfettescleaningservice.net/professional-tile-grout-cleaning-lesmurdie-restore-your-surfaces/,Tile & Grout Cleaning
https://smurfettescleaningservice.net/professional-tile-grout-cleaning-kalamunda-restore-your-surfaces/,Tile & Grout Cleaning
https://smurfettescleaningservice.net/professional-tile-grout-cleaning-high-wycombe-restore-your-surfaces/,Tile & Grout Cleaning
https://smurfettescleaningservice.net/professional-tile-grout-cleaning-hacketts-gully-restore-your-surfaces/,Tile & Grout Cleaning
https://smurfettescleaningservice.net/professional-tile-grout-cleaning-gooseberry-hill-restore-your-surfaces/,Tile & Grout Cleaning
https://smurfettescleaningservice.net/professional-tile-grout-cleaning-forrestfield-restore-your-surfaces/,Tile & Grout Cleaning
https://smurfettescleaningservice.net/professional-tile-grout-cleaning-carmel-restore-your-surfaces/,Tile & Grout Cleaning
https://smurfettescleaningservice.net/professional-tile-grout-cleaning-canning-mills-restore-your-surfaces/,Tile & Grout Cleaning
https://smurfettescleaningservice.net/professional-tile-grout-cleaning-bickley-restore-your-surfaces/,Tile & Grout Cleaning
https://smurfettescleaningservice.net/professional-tile-grout-cleaning-woodvale-restore-your-surfaces/,Tile & Grout Cleaning
https://smurfettescleaningservice.net/professional-tile-grout-cleaning-warwick-restore-your-surfaces/,Tile & Grout Cleaning
https://smurfettescleaningservice.net/professional-tile-grout-cleaning-sorrento-restore-your-surfaces/,Tile & Grout Cleaning
https://smurfettescleaningservice.net/professional-tile-grout-cleaning-padbury-restore-your-surfaces/,Tile & Grout Cleaning
https://smurfettescleaningservice.net/professional-tile-grout-cleaning-ocean-reef-restore-your-surfaces/,Tile & Grout Cleaning
https://smurfettescleaningservice.net/professional-tile-grout-cleaning-mullaloo-restore-your-surfaces/,Tile & Grout Cleaning
https://smurfettescleaningservice.net/professional-tile-grout-cleaning-marmion-restore-your-surfaces/,Tile & Grout Cleaning
https://smurfettescleaningservice.net/professional-tile-grout-cleaning-kinross-restore-your-surfaces/,Tile & Grout Cleaning
https://smurfettescleaningservice.net/professional-tile-grout-cleaning-kingsley-restore-your-surfaces/,Tile & Grout Cleaning
https://smurfettescleaningservice.net/professional-tile-grout-cleaning-kallaroo-restore-your-surfaces/,Tile & Grout Cleaning
https://smurfettescleaningservice.net/professional-tile-grout-cleaning-joondalup-restore-your-surfaces/,Tile & Grout Cleaning
https://smurfettescleaningservice.net/professional-tile-grout-cleaning-iluka-restore-your-surfaces/,Tile & Grout Cleaning
https://smurfettescleaningservice.net/professional-tile-grout-cleaning-hillarys-restore-your-surfaces/,Tile & Grout Cleaning
https://smurfettescleaningservice.net/professional-tile-grout-cleaning-heathridge-restore-your-surfaces/,Tile & Grout Cleaning
https://smurfettescleaningservice.net/professional-tile-grout-cleaning-greenwood-restore-your-surfaces/,Tile & Grout Cleaning
https://smurfettescleaningservice.net/professional-tile-grout-cleaning-edgewater-restore-your-surfaces/,Tile & Grout Cleaning
https://smurfettescleaningservice.net/professional-tile-grout-cleaning-duncraig-restore-your-surfaces/,Tile & Grout Cleaning
https://smurfettescleaningservice.net/professional-tile-grout-cleaning-currambine-restore-your-surfaces/,Tile & Grout Cleaning
https://smurfettescleaningservice.net/professional-tile-grout-cleaning-bayswater-restore-your-surfaces/,Tile & Grout Cleaning
https://smurfettescleaningservice.net/professional-tile-grout-cleaning-yangebup-restore-your-surfaces/,Tile & Grout Cleaning
https://smurfettescleaningservice.net/professional-tile-grout-cleaning-wungong-restore-your-surfaces/,Tile & Grout Cleaning
https://smurfettescleaningservice.net/professional-tile-grout-cleaning-wilson-restore-your-surfaces/,Tile & Grout Cleaning
https://smurfettescleaningservice.net/professional-tile-grout-cleaning-willeton-restore-your-surfaces/,Tile & Grout Cleaning
https://smurfettescleaningservice.net/professional-tile-grout-cleaning-white-gum-valley-restore-your-surfaces/,Tile & Grout Cleaning
https://smurfettescleaningservice.net/professional-tile-grout-cleaning-west-leederville-restore-your-surfaces/,Tile & Grout Cleaning
https://smurfettescleaningservice.net/professional-tile-grout-cleaning-wembley-restore-your-surfaces/,Tile & Grout Cleaning
https://smurfettescleaningservice.net/professional-tile-grout-cleaning-welshpool-restore-your-surfaces/,Tile & Grout Cleaning
https://smurfettescleaningservice.net/professional-tile-grout-cleaning-wattleup-restore-your-surfaces/,Tile & Grout Cleaning
https://smurfettescleaningservice.net/professional-tile-grout-cleaning-thornlie-restore-your-surfaces/,Tile & Grout Cleaning
https://smurfettescleaningservice.net/professional-tile-grout-cleaning-swanbourne-restore-your-surfaces/,Tile & Grout Cleaning
https://smurfettescleaningservice.net/professional-tile-grout-cleaning-success-restore-your-surfaces/,Tile & Grout Cleaning
https://smurfettescleaningservice.net/professional-tile-grout-cleaning-spearwood-restore-your-surfaces/,Tile & Grout Cleaning
https://smurfettescleaningservice.net/professional-tile-grout-cleaning-southern-river-restore-your-surfaces/,Tile & Grout Cleaning
https://smurfettescleaningservice.net/professional-tile-grout-cleaning-south-lake-restore-your-surfaces/,Tile & Grout Cleaning
https://smurfettescleaningservice.net/professional-tile-grout-cleaning-south-fremantle-restore-your-surfaces/,Tile & Grout Cleaning
https://smurfettescleaningservice.net/professional-tile-grout-cleaning-shelley-restore-your-surfaces/,Tile & Grout Cleaning
https://smurfettescleaningservice.net/professional-tile-grout-cleaning-seville-grove-restore-your-surfaces/,Tile & Grout Cleaning
https://smurfettescleaningservice.net/professional-tile-grout-cleaning-samson-restore-your-surfaces/,Tile & Grout Cleaning
https://smurfettescleaningservice.net/professional-tile-grout-cleaning-rossmoyne-restore-your-surfaces/,Tile & Grout Cleaning
https://smurfettescleaningservice.net/professional-tile-grout-cleaning-roleystone-restore-your-surfaces/,Tile & Grout Cleaning
https://smurfettescleaningservice.net/professional-tile-grout-cleaning-rivervale-restore-your-surfaces/,Tile & Grout Cleaning
https://smurfettescleaningservice.net/professional-tile-grout-cleaning-riverton-restore-your-surfaces/,Tile & Grout Cleaning
https://smurfettescleaningservice.net/professional-tile-grout-cleaning-redcliffe-restore-your-surfaces/,Tile & Grout Cleaning
https://smurfettescleaningservice.net/professional-tile-grout-cleaning-queens-park-restore-your-surfaces/,Tile & Grout Cleaning
https://smurfettescleaningservice.net/professional-tile-grout-cleaning-piara-waters-restore-your-surfaces/,Tile & Grout Cleaning
https://smurfettescleaningservice.net/professional-tile-grout-cleaning-perth-airport-restore-your-surfaces/,Tile & Grout Cleaning
https://smurfettescleaningservice.net/professional-tile-grout-cleaning-parkwood-restore-your-surfaces/,Tile & Grout Cleaning
https://smurfettescleaningservice.net/professional-tile-grout-cleaning-orange-grove-restore-your-surfaces/,Tile & Grout Cleaning
https://smurfettescleaningservice.net/professional-tile-grout-cleaning-oconnor-restore-your-surfaces/,Tile & Grout Cleaning
https://smurfettescleaningservice.net/professional-tile-grout-cleaning-north-lake-restore-your-surfaces/,Tile & Grout Cleaning
https://smurfettescleaningservice.net/professional-tile-grout-cleaning-north-fremantle-restore-your-surfaces/,Tile & Grout Cleaning
https://smurfettescleaningservice.net/professional-tile-grout-cleaning-noranda-restore-your-surfaces/,Tile & Grout Cleaning
https://smurfettescleaningservice.net/professional-tile-grout-cleaning-munster-restore-your-surfaces/,Tile & Grout Cleaning
https://smurfettescleaningservice.net/professional-tile-grout-cleaning-mt-richon-restore-your-surfaces/,Tile & Grout Cleaning
https://smurfettescleaningservice.net/professional-tile-grout-cleaning-mt-nasura-restore-your-surfaces/,Tile & Grout Cleaning
https://smurfettescleaningservice.net/professional-tile-grout-cleaning-morley-restore-your-surfaces/,Tile & Grout Cleaning
https://smurfettescleaningservice.net/professional-tile-grout-cleaning-maylands-restore-your-surfaces/,Tile & Grout Cleaning
https://smurfettescleaningservice.net/professional-tile-grout-cleaning-martin-restore-your-surfaces/,Tile & Grout Cleaning
https://smurfettescleaningservice.net/professional-tile-grout-cleaning-lynwood-restore-your-surfaces/,Tile & Grout Cleaning
https://smurfettescleaningservice.net/professional-tile-grout-cleaning-maddington-restore-your-surfaces/,Tile & Grout Cleaning
https://smurfettescleaningservice.net/professional-tile-grout-cleaning-langford-restore-your-surfaces/,Tile & Grout Cleaning
https://smurfettescleaningservice.net/professional-tile-grout-cleaning-kewdale-restore-your-surfaces/,Tile & Grout Cleaning
https://smurfettescleaningservice.net/professional-tile-grout-cleaning-kenwick-restore-your-surfaces/,Tile & Grout Cleaning
https://smurfettescleaningservice.net/professional-tile-grout-cleaning-kelmscott-restore-your-surfaces/,Tile & Grout Cleaning
https://smurfettescleaningservice.net/professional-tile-grout-cleaning-karragullen-restore-your-surfaces/,Tile & Grout Cleaning
https://smurfettescleaningservice.net/professional-tile-grout-cleaning-jandakot-restore-your-surfaces/,Tile & Grout Cleaning
https://smurfettescleaningservice.net/professional-tile-grout-cleaning-huntingdale-restore-your-surfaces/,Tile & Grout Cleaning
https://smurfettescleaningservice.net/professional-tile-grout-cleaning-hilton-restore-your-surfaces/,Tile & Grout Cleaning
https://smurfettescleaningservice.net/professional-tile-grout-cleaning-hilbert-restore-your-surfaces/,Tile & Grout Cleaning
https://smurfettescleaningservice.net/professional-tile-grout-cleaning-henderson-restore-your-surfaces/,Tile & Grout Cleaning
https://smurfettescleaningservice.net/professional-tile-grout-cleaning-haynes-restore-your-surfaces/,Tile & Grout Cleaning
https://smurfettescleaningservice.net/professional-tile-grout-cleaning-harrisdale-restore-your-surfaces/,Tile & Grout Cleaning
https://smurfettescleaningservice.net/professional-tile-grout-cleaning-hammond-hill-restore-your-surfaces/,Tile & Grout Cleaning
https://smurfettescleaningservice.net/professional-tile-grout-cleaning-hamilton-hill-restore-your-surfaces/,Tile & Grout Cleaning
https://smurfettescleaningservice.net/professional-tile-grout-cleaning-gosnells-restore-your-surfaces/,Tile & Grout Cleaning
https://smurfettescleaningservice.net/professional-tile-grout-cleaning-fremantle-restore-your-surfaces/,Tile & Grout Cleaning
https://smurfettescleaningservice.net/professional-tile-grout-cleaning-forrestdale-restore-your-surfaces/,Tile & Grout Cleaning
https://smurfettescleaningservice.net/professional-tile-grout-cleaning-floreat-restore-your-surfaces/,Tile & Grout Cleaning
https://smurfettescleaningservice.net/professional-tile-grout-cleaning-ferndale-restore-your-surfaces/,Tile & Grout Cleaning
https://smurfettescleaningservice.net/professional-tile-grout-cleaning-embleton-restore-your-surfaces/,Tile & Grout Cleaning
https://smurfettescleaningservice.net/professional-tile-grout-cleaning-eden-hill-restore-your-surfaces/,Tile & Grout Cleaning
https://smurfettescleaningservice.net/professional-tile-grout-cleaning-east-fremantle-restore-your-surfaces/,Tile & Grout Cleaning
https://smurfettescleaningservice.net/professional-tile-grout-cleaning-east-cannington-restore-your-surfaces/,Tile & Grout Cleaning
https://smurfettescleaningservice.net/professional-tile-grout-cleaning-dianella-restore-your-surfaces/,Tile & Grout Cleaning
https://smurfettescleaningservice.net/professional-tile-grout-cleaning-daglish-restore-your-surfaces/,Tile & Grout Cleaning
https://smurfettescleaningservice.net/professional-tile-grout-cleaning-craigie-restore-your-surfaces/,Tile & Grout Cleaning
https://smurfettescleaningservice.net/professional-tile-grout-cleaning-cottesloe-restore-your-surfaces/,Tile & Grout Cleaning
https://smurfettescleaningservice.net/professional-tile-grout-cleaning-coolbellup-restore-your-surfaces/,Tile & Grout Cleaning
https://smurfettescleaningservice.net/professional-tile-grout-cleaning-coogee-restore-your-surfaces/,Tile & Grout Cleaning
https://smurfettescleaningservice.net/professional-tile-grout-cleaning-connolly-restore-your-surfaces/,Tile & Grout Cleaning
https://smurfettescleaningservice.net/professional-tile-grout-cleaning-cockburn-restore-your-surfaces/,Tile & Grout Cleaning
https://smurfettescleaningservice.net/professional-tile-grout-cleaning-cloverdale-restore-your-surfaces/,Tile & Grout Cleaning
https://smurfettescleaningservice.net/professional-tile-grout-cleaning-claremont-restore-your-surfaces/,Tile & Grout Cleaning
https://smurfettescleaningservice.net/professional-tile-grout-cleaning-city-beach-restore-your-surfaces/,Tile & Grout Cleaning
https://smurfettescleaningservice.net/professional-tile-grout-cleaning-champion-lakes-restore-your-surfaces/,Tile & Grout Cleaning
https://smurfettescleaningservice.net/professional-tile-grout-cleaning-cannington-restore-your-surfaces/,Tile & Grout Cleaning
https://smurfettescleaningservice.net/professional-tile-grout-cleaning-canning-vale-restore-your-surfaces/,Tile & Grout Cleaning
https://smurfettescleaningservice.net/professional-tile-grout-cleaning-camillo-restore-your-surfaces/,Tile & Grout Cleaning
https://smurfettescleaningservice.net/professional-tile-grout-cleaning-burns-beach-restore-your-surfaces/,Tile & Grout Cleaning
https://smurfettescleaningservice.net/professional-tile-grout-cleaning-brookdale-restore-your-surfaces/,Tile & Grout Cleaning
https://smurfettescleaningservice.net/professional-tile-grout-cleaning-bibra-lake-restore-your-surfaces/,Tile & Grout Cleaning
https://smurfettescleaningservice.net/professional-tile-grout-cleaning-bentley-restore-your-surfaces/,Tile & Grout Cleaning
https://smurfettescleaningservice.net/professional-tile-grout-cleaning-belmont-restore-your-surfaces/,Tile & Grout Cleaning
https://smurfettescleaningservice.net/professional-tile-grout-cleaning-beldon-restore-your-surfaces/,Tile & Grout Cleaning
https://smurfettescleaningservice.net/professional-tile-grout-cleaning-beeliar-restore-your-surfaces/,Tile & Grout Cleaning
https://smurfettescleaningservice.net/professional-tile-grout-cleaning-bedford-restore-your-surfaces/,Tile & Grout Cleaning
https://smurfettescleaningservice.net/professional-tile-grout-cleaning-beckenham-restore-your-surfaces/,Tile & Grout Cleaning
https://smurfettescleaningservice.net/professional-tile-grout-cleaning-beaconsfield-restore-your-surfaces/,Tile & Grout Cleaning
https://smurfettescleaningservice.net/professional-tile-grout-cleaning-bassendean-restore-your-surfaces/,Tile & Grout Cleaning
https://smurfettescleaningservice.net/professional-tile-grout-cleaning-banjup-restore-your-surfaces/,Tile & Grout Cleaning
https://smurfettescleaningservice.net/professional-tile-grout-cleaning-aubin-grove-restore-your-surfaces/,Tile & Grout Cleaning
https://smurfettescleaningservice.net/professional-tile-grout-cleaning-atwell-restore-your-surfaces/,Tile & Grout Cleaning
https://smurfettescleaningservice.net/professional-tile-grout-cleaning-ashendon-restore-your-surfaces/,Tile & Grout Cleaning
https://smurfettescleaningservice.net/professional-tile-grout-cleaning-ascot-restore-your-surfaces/,Tile & Grout Cleaning
https://smurfettescleaningservice.net/professional-tile-grout-cleaning-armadale-restore-your-surfaces/,Tile & Grout Cleaning
https://smurfettescleaningservice.net/professional-tile-grout-cleaning-bedfordale-restore-your-surfaces/,Tile & Grout Cleaning
https://smurfettescleaningservice.net/expert-oven-cleaning-services-oven-cleaners-in-yanchep/,Oven Cleaning
https://smurfettescleaningservice.net/expert-oven-cleaning-services-oven-cleaners-in-wanneroo/,Oven Cleaning
https://smurfettescleaningservice.net/expert-oven-cleaning-services-oven-cleaners-in-wangara/,Oven Cleaning
https://smurfettescleaningservice.net/expert-oven-cleaning-services-oven-cleaners-in-two-rocks/,Oven Cleaning
https://smurfettescleaningservice.net/expert-oven-cleaning-services-oven-cleaners-in-tapping/,Oven Cleaning
https://smurfettescleaningservice.net/expert-oven-cleaning-services-oven-cleaners-in-tamala-park/,Oven Cleaning
https://smurfettescleaningservice.net/expert-oven-cleaning-services-oven-cleaners-in-sinagra/,Oven Cleaning
https://smurfettescleaningservice.net/expert-oven-cleaning-services-oven-cleaners-in-ridgewood/,Oven Cleaning
https://smurfettescleaningservice.net/expert-oven-cleaning-services-oven-cleaners-in-quinns-rocks/,Oven Cleaning
https://smurfettescleaningservice.net/expert-oven-cleaning-services-oven-cleaners-in-pinjar/,Oven Cleaning
https://smurfettescleaningservice.net/expert-oven-cleaning-services-oven-cleaners-in-pearsall/,Oven Cleaning
https://smurfettescleaningservice.net/expert-oven-cleaning-services-oven-cleaners-in-nowergup/,Oven Cleaning
https://smurfettescleaningservice.net/expert-oven-cleaning-services-oven-cleaners-in-neerabup/,Oven Cleaning
https://smurfettescleaningservice.net/expert-oven-cleaning-services-oven-cleaners-in-mindarie/,Oven Cleaning
https://smurfettescleaningservice.net/expert-oven-cleaning-services-oven-cleaners-in-merriwa/,Oven Cleaning
https://smurfettescleaningservice.net/expert-oven-cleaning-services-oven-cleaners-in-mariginiup/,Oven Cleaning
https://smurfettescleaningservice.net/expert-oven-cleaning-services-oven-cleaners-in-marangaroo/,Oven Cleaning
https://smurfettescleaningservice.net/expert-oven-cleaning-services-oven-cleaners-in-madeley/,Oven Cleaning
https://smurfettescleaningservice.net/expert-oven-cleaning-services-oven-cleaners-in-landsdale/,Oven Cleaning
https://smurfettescleaningservice.net/expert-oven-cleaning-services-oven-cleaners-in-koondoola/,Oven Cleaning
https://smurfettescleaningservice.net/expert-oven-cleaning-services-oven-cleaners-in-jindalee/,Oven Cleaning
https://smurfettescleaningservice.net/expert-oven-cleaning-services-oven-cleaners-in-jandabup/,Oven Cleaning
https://smurfettescleaningservice.net/expert-oven-cleaning-services-oven-cleaners-in-hocking/,Oven Cleaning
https://smurfettescleaningservice.net/expert-oven-cleaning-services-oven-cleaners-in-gnangara/,Oven Cleaning
https://smurfettescleaningservice.net/expert-oven-cleaning-services-oven-cleaners-in-girrawheen/,Oven Cleaning
https://smurfettescleaningservice.net/expert-oven-cleaning-services-oven-cleaners-in-eglinton/,Oven Cleaning
https://smurfettescleaningservice.net/expert-oven-cleaning-services-oven-cleaners-in-darch/,Oven Cleaning
https://smurfettescleaningservice.net/expert-oven-cleaning-services-oven-cleaners-in-clarkson/,Oven Cleaning
https://smurfettescleaningservice.net/expert-oven-cleaning-services-oven-cleaners-in-carramar/,Oven Cleaning
https://smurfettescleaningservice.net/expert-oven-cleaning-services-oven-cleaners-in-carabooda/,Oven Cleaning
https://smurfettescleaningservice.net/expert-oven-cleaning-services-oven-cleaners-in-butler/,Oven Cleaning
https://smurfettescleaningservice.net/expert-oven-cleaning-services-oven-cleaners-in-banksia-grove/,Oven Cleaning
https://smurfettescleaningservice.net/expert-oven-cleaning-services-oven-cleaners-in-ashby/,Oven Cleaning
https://smurfettescleaningservice.net/expert-oven-cleaning-services-oven-cleaners-in-alkimos/,Oven Cleaning
https://smurfettescleaningservice.net/expert-oven-cleaning-services-oven-cleaners-in-alexander-heights/,Oven Cleaning
https://smurfettescleaningservice.net/expert-oven-cleaning-services-oven-cleaners-in-vincent/,Oven Cleaning
https://smurfettescleaningservice.net/expert-oven-cleaning-services-oven-cleaners-in-north-perth/,Oven Cleaning
https://smurfettescleaningservice.net/expert-oven-cleaning-services-oven-cleaners-in-mt-hawthorn/,Oven Cleaning
https://smurfettescleaningservice.net/expert-oven-cleaning-services-oven-cleaners-in-leederville/,Oven Cleaning
https://smurfettescleaningservice.net/expert-oven-cleaning-services-oven-cleaners-in-highgate/,Oven Cleaning
https://smurfettescleaningservice.net/expert-oven-cleaning-services-oven-cleaners-in-lathlain/,Oven Cleaning
https://smurfettescleaningservice.net/expert-oven-cleaning-services-oven-cleaners-in-east-victoria-park/,Oven Cleaning
https://smurfettescleaningservice.net/expert-oven-cleaning-services-oven-cleaners-in-carlisle/,Oven Cleaning
https://smurfettescleaningservice.net/expert-oven-cleaning-services-oven-cleaners-in-burswood/,Oven Cleaning
https://smurfettescleaningservice.net/expert-oven-cleaning-services-oven-cleaners-in-swan-view/,Oven Cleaning
https://smurfettescleaningservice.net/expert-oven-cleaning-services-oven-cleaners-in-woodbridge/,Oven Cleaning
https://smurfettescleaningservice.net/expert-oven-cleaning-services-oven-cleaners-in-whiteman/,Oven Cleaning
https://smurfettescleaningservice.net/expert-oven-cleaning-services-oven-cleaners-in-west-swan/,Oven Cleaning
https://smurfettescleaningservice.net/expert-oven-cleaning-services-oven-cleaners-in-viveash/,Oven Cleaning
https://smurfettescleaningservice.net/expert-oven-cleaning-services-oven-cleaners-in-valley-ridge/,Oven Cleaning
https://smurfettescleaningservice.net/expert-oven-cleaning-services-oven-cleaners-in-upper-swan/,Oven Cleaning
https://smurfettescleaningservice.net/expert-oven-cleaning-services-oven-cleaners-in-innaloo/,Oven Cleaning
https://smurfettescleaningservice.net/expert-oven-cleaning-services-oven-cleaners-in-south-guildford/,Oven Cleaning
https://smurfettescleaningservice.net/expert-oven-cleaning-services-oven-cleaners-in-red-hill/,Oven Cleaning
https://smurfettescleaningservice.net/expert-oven-cleaning-services-oven-cleaners-in-millendon/,Oven Cleaning
https://smurfettescleaningservice.net/expert-oven-cleaning-services-oven-cleaners-in-midvale/,Oven Cleaning
https://smurfettescleaningservice.net/expert-oven-cleaning-services-oven-cleaners-in-midland/,Oven Cleaning
https://smurfettescleaningservice.net/expert-oven-cleaning-services-oven-cleaners-in-the-vines/,Oven Cleaning
https://smurfettescleaningservice.net/expert-oven-cleaning-services-oven-cleaners-in-middle-swan/,Oven Cleaning
https://smurfettescleaningservice.net/expert-oven-cleaning-services-oven-cleaners-in-melaleuca/,Oven Cleaning
https://smurfettescleaningservice.net/expert-oven-cleaning-services-oven-cleaners-in-malaga/,Oven Cleaning
https://smurfettescleaningservice.net/expert-oven-cleaning-services-oven-cleaners-in-lockridge/,Oven Cleaning
https://smurfettescleaningservice.net/expert-oven-cleaning-services-oven-cleaners-in-lexia/,Oven Cleaning
https://smurfettescleaningservice.net/expert-oven-cleaning-services-oven-cleaners-in-koongamia/,Oven Cleaning
https://smurfettescleaningservice.net/expert-oven-cleaning-services-oven-cleaners-in-kiara/,Oven Cleaning
https://smurfettescleaningservice.net/expert-oven-cleaning-services-oven-cleaners-in-jane-brook/,Oven Cleaning
https://smurfettescleaningservice.net/expert-oven-cleaning-services-oven-cleaners-in-herne-hill/,Oven Cleaning
https://smurfettescleaningservice.net/expert-oven-cleaning-services-oven-cleaners-in-henley-brook/,Oven Cleaning
https://smurfettescleaningservice.net/expert-oven-cleaning-services-oven-cleaners-in-hazelmere/,Oven Cleaning
https://smurfettescleaningservice.net/expert-oven-cleaning-services-oven-cleaners-in-guildford/,Oven Cleaning
https://smurfettescleaningservice.net/expert-oven-cleaning-services-oven-cleaners-in-gidgegannup/,Oven Cleaning
https://smurfettescleaningservice.net/expert-oven-cleaning-services-oven-cleaners-in-ellenbrook/,Oven Cleaning
https://smurfettescleaningservice.net/expert-oven-cleaning-services-oven-cleaners-in-dayton/,Oven Cleaning
https://smurfettescleaningservice.net/expert-oven-cleaning-services-oven-cleaners-in-cullacabardee/,Oven Cleaning
https://smurfettescleaningservice.net/expert-oven-cleaning-services-oven-cleaners-in-caversham/,Oven Cleaning
https://smurfettescleaningservice.net/expert-oven-cleaning-services-oven-cleaners-in-bullsbrook/,Oven Cleaning
https://smurfettescleaningservice.net/expert-oven-cleaning-services-oven-cleaners-in-brigadoon/,Oven Cleaning
https://smurfettescleaningservice.net/expert-oven-cleaning-services-oven-cleaners-in-brabham/,Oven Cleaning
https://smurfettescleaningservice.net/expert-oven-cleaning-services-oven-cleaners-in-bennett-springs/,Oven Cleaning
https://smurfettescleaningservice.net/expert-oven-cleaning-services-oven-cleaners-in-bellevue/,Oven Cleaning
https://smurfettescleaningservice.net/expert-oven-cleaning-services-oven-cleaners-in-belhus/,Oven Cleaning
https://smurfettescleaningservice.net/expert-oven-cleaning-services-oven-cleaners-in-beechboro/,Oven Cleaning
https://smurfettescleaningservice.net/expert-oven-cleaning-services-oven-cleaners-in-baskerville/,Oven Cleaning
https://smurfettescleaningservice.net/expert-oven-cleaning-services-oven-cleaners-in-ballajura/,Oven Cleaning
https://smurfettescleaningservice.net/expert-oven-cleaning-services-oven-cleaners-in-aveley/,Oven Cleaning
https://smurfettescleaningservice.net/expert-oven-cleaning-services-oven-cleaners-in-city-of-swan/,Oven Cleaning
https://smurfettescleaningservice.net/expert-oven-cleaning-services-oven-cleaners-in-subiaco/,Oven Cleaning
https://smurfettescleaningservice.net/expert-oven-cleaning-services-oven-cleaners-in-shenton-park/,Oven Cleaning
https://smurfettescleaningservice.net/expert-oven-cleaning-services-oven-cleaners-in-jolimont/,Oven Cleaning
https://smurfettescleaningservice.net/expert-oven-cleaning-services-oven-cleaners-in-crawley/,Oven Cleaning
https://smurfettescleaningservice.net/expert-oven-cleaning-services-oven-cleaners-in-yokine/,Oven Cleaning
https://smurfettescleaningservice.net/expert-oven-cleaning-services-oven-cleaners-in-woodlands/,Oven Cleaning
https://smurfettescleaningservice.net/expert-oven-cleaning-services-oven-cleaners-in-westminster/,Oven Cleaning
https://smurfettescleaningservice.net/expert-oven-cleaning-services-oven-cleaners-in-wembley-downs/,Oven Cleaning
https://smurfettescleaningservice.net/expert-oven-cleaning-services-oven-cleaners-in-watermans-bay/,Oven Cleaning
https://smurfettescleaningservice.net/expert-oven-cleaning-services-oven-cleaners-in-tuart-hill/,Oven Cleaning
https://smurfettescleaningservice.net/expert-oven-cleaning-services-oven-cleaners-in-trigg/,Oven Cleaning
https://smurfettescleaningservice.net/expert-oven-cleaning-services-oven-cleaners-in-stirling/,Oven Cleaning
https://smurfettescleaningservice.net/expert-oven-cleaning-services-oven-cleaners-in-scarborough/,Oven Cleaning
https://smurfettescleaningservice.net/expert-oven-cleaning-services-oven-cleaners-in-osborne-park/,Oven Cleaning
https://smurfettescleaningservice.net/expert-oven-cleaning-services-oven-cleaners-in-north-beach/,Oven Cleaning
https://smurfettescleaningservice.net/expert-oven-cleaning-services-oven-cleaners-in-nollamara/,Oven Cleaning
https://smurfettescleaningservice.net/expert-oven-cleaning-services-oven-cleaners-in-mt-lawley/,Oven Cleaning
https://smurfettescleaningservice.net/expert-oven-cleaning-services-oven-cleaners-in-mirrabooka/,Oven Cleaning
https://smurfettescleaningservice.net/expert-oven-cleaning-services-oven-cleaners-in-menora/,Oven Cleaning
https://smurfettescleaningservice.net/expert-oven-cleaning-services-oven-cleaners-in-karrinyup/,Oven Cleaning
https://smurfettescleaningservice.net/expert-oven-cleaning-services-oven-cleaners-in-joondanna/,Oven Cleaning
https://smurfettescleaningservice.net/expert-oven-cleaning-services-oven-cleaners-in-inglewood/,Oven Cleaning
https://smurfettescleaningservice.net/expert-oven-cleaning-services-oven-cleaners-in-herdsman/,Oven Cleaning
https://smurfettescleaningservice.net/expert-oven-cleaning-services-oven-cleaners-in-hamersley/,Oven Cleaning
https://smurfettescleaningservice.net/expert-oven-cleaning-services-oven-cleaners-in-gwelup/,Oven Cleaning
https://smurfettescleaningservice.net/expert-oven-cleaning-services-oven-cleaners-in-glendalough/,Oven Cleaning
https://smurfettescleaningservice.net/expert-oven-cleaning-services-oven-cleaners-in-doubleview/,Oven Cleaning
https://smurfettescleaningservice.net/expert-oven-cleaning-services-oven-cleaners-in-coolbinia/,Oven Cleaning
https://smurfettescleaningservice.net/expert-oven-cleaning-services-oven-cleaners-in-churchlands/,Oven Cleaning
https://smurfettescleaningservice.net/expert-oven-cleaning-services-oven-cleaners-in-carine/,Oven Cleaning
https://smurfettescleaningservice.net/expert-oven-cleaning-services-oven-cleaners-in-balga/,Oven Cleaning
https://smurfettescleaningservice.net/expert-oven-cleaning-services-oven-cleaners-in-balcatta/,Oven Cleaning
https://smurfettescleaningservice.net/expert-oven-cleaning-services-oven-cleaners-in-waterford/,Oven Cleaning
https://smurfettescleaningservice.net/expert-oven-cleaning-services-oven-cleaners-in-south-perth/,Oven Cleaning
https://smurfettescleaningservice.net/expert-oven-cleaning-services-oven-cleaners-in-salter-point/,Oven Cleaning
https://smurfettescleaningservice.net/expert-oven-cleaning-services-oven-cleaners-in-manning/,Oven Cleaning
https://smurfettescleaningservice.net/expert-oven-cleaning-services-oven-cleaners-in-kensington/,Oven Cleaning
https://smurfettescleaningservice.net/expert-oven-cleaning-services-oven-cleaners-in-karawara/,Oven Cleaning
https://smurfettescleaningservice.net/expert-oven-cleaning-services-oven-cleaners-in-como/,Oven Cleaning
https://smurfettescleaningservice.net/expert-oven-cleaning-services-oven-cleaners-in-warnbro/,Oven Cleaning
https://smurfettescleaningservice.net/expert-oven-cleaning-services-oven-cleaners-in-waikiki/,Oven Cleaning
https://smurfettescleaningservice.net/expert-oven-cleaning-services-oven-cleaners-in-singleton/,Oven Cleaning
https://smurfettescleaningservice.net/expert-oven-cleaning-services-oven-cleaners-in-shoalwater/,Oven Cleaning
https://smurfettescleaningservice.net/expert-oven-cleaning-services-oven-cleaners-in-secret-harbour/,Oven Cleaning
https://smurfettescleaningservice.net/expert-oven-cleaning-services-oven-cleaners-in-safety-bay/,Oven Cleaning
https://smurfettescleaningservice.net/expert-oven-cleaning-services-oven-cleaners-in-rockingham/,Oven Cleaning
https://smurfettescleaningservice.net/expert-oven-cleaning-services-oven-cleaners-in-stratton/,Oven Cleaning
https://smurfettescleaningservice.net/expert-oven-cleaning-services-oven-cleaners-in-port-kennedy/,Oven Cleaning
https://smurfettescleaningservice.net/expert-oven-cleaning-services-oven-cleaners-in-peron/,Oven Cleaning
https://smurfettescleaningservice.net/expert-oven-cleaning-services-oven-cleaners-in-karnup/,Oven Cleaning
https://smurfettescleaningservice.net/expert-oven-cleaning-services-oven-cleaners-in-hillman/,Oven Cleaning
https://smurfettescleaningservice.net/expert-oven-cleaning-services-oven-cleaners-in-golden-bay/,Oven Cleaning
https://smurfettescleaningservice.net/expert-oven-cleaning-services-oven-cleaners-in-east-rockingham/,Oven Cleaning
https://smurfettescleaningservice.net/expert-oven-cleaning-services-oven-cleaners-in-cooloongup/,Oven Cleaning
https://smurfettescleaningservice.net/expert-oven-cleaning-services-oven-cleaners-in-baldivis/,Oven Cleaning
https://smurfettescleaningservice.net/expert-oven-cleaning-services-oven-cleaners-in-west-perth/,Oven Cleaning
https://smurfettescleaningservice.net/expert-oven-cleaning-services-oven-cleaners-in-perth-city/,Oven Cleaning
https://smurfettescleaningservice.net/expert-oven-cleaning-services-oven-cleaners-in-northbridge/,Oven Cleaning
https://smurfettescleaningservice.net/expert-oven-cleaning-services-oven-cleaners-in-kings-park/,Oven Cleaning
https://smurfettescleaningservice.net/expert-oven-cleaning-services-oven-cleaners-in-east-perth/,Oven Cleaning
https://smurfettescleaningservice.net/expert-oven-cleaning-services-oven-cleaners-in-thornlie/,Oven Cleaning
https://smurfettescleaningservice.net/expert-oven-cleaning-services-oven-cleaners-in-mt-claremont/,Oven Cleaning
https://smurfettescleaningservice.net/expert-oven-cleaning-services-oven-cleaners-in-karrakatta/,Oven Cleaning
https://smurfettescleaningservice.net/expert-oven-cleaning-services-oven-cleaners-in-dalkeith/,Oven Cleaning
https://smurfettescleaningservice.net/expert-oven-cleaning-services-oven-cleaners-in-peppermint-grove/,Oven Cleaning
https://smurfettescleaningservice.net/expert-oven-cleaning-services-oven-cleaners-in-byford/,Oven Cleaning
https://smurfettescleaningservice.net/expert-oven-cleaning-services-oven-cleaners-in-ravenswood/,Oven Cleaning
https://smurfettescleaningservice.net/expert-oven-cleaning-services-oven-cleaners-in-north-yunderup/,Oven Cleaning
https://smurfettescleaningservice.net/expert-oven-cleaning-services-oven-cleaners-in-south-yunderup/,Oven Cleaning
https://smurfettescleaningservice.net/expert-oven-cleaning-services-oven-cleaners-in-furnissdale/,Oven Cleaning
https://smurfettescleaningservice.net/expert-oven-cleaning-services-oven-cleaners-in-barragup/,Oven Cleaning
https://smurfettescleaningservice.net/expert-oven-cleaning-services-oven-cleaners-in-pinjarra/,Oven Cleaning
https://smurfettescleaningservice.net/expert-oven-cleaning-services-oven-cleaners-in-mossman-park/,Oven Cleaning
https://smurfettescleaningservice.net/expert-oven-cleaning-services-oven-cleaners-in-winthrop/,Oven Cleaning
https://smurfettescleaningservice.net/expert-oven-cleaning-services-oven-cleaners-in-willagee/,Oven Cleaning
https://smurfettescleaningservice.net/expert-oven-cleaning-services-oven-cleaners-in-palmyra/,Oven Cleaning
https://smurfettescleaningservice.net/expert-oven-cleaning-services-oven-cleaners-in-myaree/,Oven Cleaning
https://smurfettescleaningservice.net/expert-oven-cleaning-services-oven-cleaners-in-murdoch/,Oven Cleaning
https://smurfettescleaningservice.net/expert-oven-cleaning-services-oven-cleaners-in-mt-pleasant/,Oven Cleaning
https://smurfettescleaningservice.net/expert-oven-cleaning-services-oven-cleaners-in-melville/,Oven Cleaning
https://smurfettescleaningservice.net/expert-oven-cleaning-services-oven-cleaners-in-leeming/,Oven Cleaning
https://smurfettescleaningservice.net/expert-oven-cleaning-services-oven-cleaners-in-kardinya/,Oven Cleaning
https://smurfettescleaningservice.net/expert-oven-cleaning-services-oven-cleaners-in-bull-creek/,Oven Cleaning
https://smurfettescleaningservice.net/expert-oven-cleaning-services-oven-cleaners-in-brentwood/,Oven Cleaning
https://smurfettescleaningservice.net/expert-oven-cleaning-services-oven-cleaners-in-booragoon/,Oven Cleaning
https://smurfettescleaningservice.net/expert-oven-cleaning-services-oven-cleaners-in-bicton/,Oven Cleaning
https://smurfettescleaningservice.net/expert-oven-cleaning-services-oven-cleaners-in-bateman/,Oven Cleaning
https://smurfettescleaningservice.net/expert-oven-cleaning-services-oven-cleaners-in-attadale/,Oven Cleaning
https://smurfettescleaningservice.net/expert-oven-cleaning-services-oven-cleaners-in-ardross/,Oven Cleaning
https://smurfettescleaningservice.net/expert-oven-cleaning-services-oven-cleaners-in-applecross/,Oven Cleaning
https://smurfettescleaningservice.net/expert-oven-cleaning-services-oven-cleaners-in-alfred-cove/,Oven Cleaning
https://smurfettescleaningservice.net/expert-oven-cleaning-services-oven-cleaners-in-wannanup/,Oven Cleaning
https://smurfettescleaningservice.net/expert-oven-cleaning-services-oven-cleaners-in-lakelands/,Oven Cleaning
https://smurfettescleaningservice.net/expert-oven-cleaning-services-oven-cleaners-in-san-remo/,Oven Cleaning
https://smurfettescleaningservice.net/expert-oven-cleaning-services-oven-cleaners-in-silver-sands/,Oven Cleaning
https://smurfettescleaningservice.net/expert-oven-cleaning-services-oven-cleaners-in-meadow-springs/,Oven Cleaning
https://smurfettescleaningservice.net/expert-oven-cleaning-services-oven-cleaners-in-halls-head/,Oven Cleaning
https://smurfettescleaningservice.net/expert-oven-cleaning-services-oven-cleaners-in-falcon/,Oven Cleaning
https://smurfettescleaningservice.net/expert-oven-cleaning-services-oven-cleaners-in-erskine/,Oven Cleaning
https://smurfettescleaningservice.net/expert-oven-cleaning-services-oven-cleaners-in-dawesville/,Oven Cleaning
https://smurfettescleaningservice.net/expert-oven-cleaning-services-oven-cleaners-in-dudley-park/,Oven Cleaning
https://smurfettescleaningservice.net/expert-oven-cleaning-services-oven-cleaners-in-coodanup/,Oven Cleaning
https://smurfettescleaningservice.net/expert-oven-cleaning-services-oven-cleaners-in-bouvard/,Oven Cleaning
https://smurfettescleaningservice.net/expert-oven-cleaning-services-oven-cleaners-in-mandurah/,Oven Cleaning
https://smurfettescleaningservice.net/expert-oven-cleaning-services-oven-cleaners-in-wellard/,Oven Cleaning
https://smurfettescleaningservice.net/expert-oven-cleaning-services-oven-cleaners-in-wandi/,Oven Cleaning
https://smurfettescleaningservice.net/expert-oven-cleaning-services-oven-cleaners-in-naval-base/,Oven Cleaning
https://smurfettescleaningservice.net/expert-oven-cleaning-services-oven-cleaners-in-the-spectacles/,Oven Cleaning
https://smurfettescleaningservice.net/expert-oven-cleaning-services-oven-cleaners-in-postans/,Oven Cleaning
https://smurfettescleaningservice.net/expert-oven-cleaning-services-oven-cleaners-in-parmelia/,Oven Cleaning
https://smurfettescleaningservice.net/expert-oven-cleaning-services-oven-cleaners-in-orelia/,Oven Cleaning
https://smurfettescleaningservice.net/expert-oven-cleaning-services-oven-cleaners-in-medina/,Oven Cleaning
https://smurfettescleaningservice.net/expert-oven-cleaning-services-oven-cleaners-in-mandogalup/,Oven Cleaning
https://smurfettescleaningservice.net/expert-oven-cleaning-services-oven-cleaners-in-leda/,Oven Cleaning
https://smurfettescleaningservice.net/expert-oven-cleaning-services-oven-cleaners-in-kwinana/,Oven Cleaning
https://smurfettescleaningservice.net/expert-oven-cleaning-services-oven-cleaners-in-hope-valley/,Oven Cleaning
https://smurfettescleaningservice.net/expert-oven-cleaning-services-oven-cleaners-in-casuarina/,Oven Cleaning
https://smurfettescleaningservice.net/expert-oven-cleaning-services-oven-cleaners-in-calista/,Oven Cleaning
https://smurfettescleaningservice.net/expert-oven-cleaning-services-oven-cleaners-in-bertram/,Oven Cleaning
https://smurfettescleaningservice.net/expert-oven-cleaning-services-oven-cleaners-in-anketell/,Oven Cleaning
https://smurfettescleaningservice.net/expert-oven-cleaning-services-oven-cleaners-in-wattle-grove/,Oven Cleaning
https://smurfettescleaningservice.net/expert-oven-cleaning-services-oven-cleaners-in-walliston/,Oven Cleaning
https://smurfettescleaningservice.net/expert-oven-cleaning-services-oven-cleaners-in-piesse-brook/,Oven Cleaning
https://smurfettescleaningservice.net/expert-oven-cleaning-services-oven-cleaners-in-pickering-brook/,Oven Cleaning
https://smurfettescleaningservice.net/expert-oven-cleaning-services-oven-cleaners-in-paulls-valley/,Oven Cleaning
https://smurfettescleaningservice.net/expert-oven-cleaning-services-oven-cleaners-in-maida-vale/,Oven Cleaning
https://smurfettescleaningservice.net/expert-oven-cleaning-services-oven-cleaners-in-lesmurdie/,Oven Cleaning
https://smurfettescleaningservice.net/expert-oven-cleaning-services-oven-cleaners-in-kalamunda/,Oven Cleaning
https://smurfettescleaningservice.net/expert-oven-cleaning-services-oven-cleaners-in-high-wycombe/,Oven Cleaning
https://smurfettescleaningservice.net/expert-oven-cleaning-services-oven-cleaners-in-hacketts-gully/,Oven Cleaning
https://smurfettescleaningservice.net/expert-oven-cleaning-services-oven-cleaners-in-gooseberry-hill/,Oven Cleaning
https://smurfettescleaningservice.net/expert-oven-cleaning-services-oven-cleaners-in-carmel/,Oven Cleaning
https://smurfettescleaningservice.net/expert-oven-cleaning-services-oven-cleaners-in-canning-mills/,Oven Cleaning
https://smurfettescleaningservice.net/expert-oven-cleaning-services-oven-cleaners-in-bickley/,Oven Cleaning
https://smurfettescleaningservice.net/expert-oven-cleaning-services-oven-cleaners-in-woodvale/,Oven Cleaning
https://smurfettescleaningservice.net/expert-oven-cleaning-services-oven-cleaners-in-warwick/,Oven Cleaning
https://smurfettescleaningservice.net/expert-oven-cleaning-services-oven-cleaners-in-sorrento/,Oven Cleaning
https://smurfettescleaningservice.net/expert-oven-cleaning-services-oven-cleaners-in-padbury/,Oven Cleaning
https://smurfettescleaningservice.net/expert-oven-cleaning-services-oven-cleaners-in-ocean-reef/,Oven Cleaning
https://smurfettescleaningservice.net/expert-oven-cleaning-services-oven-cleaners-in-mullaloo/,Oven Cleaning
https://smurfettescleaningservice.net/expert-oven-cleaning-services-oven-cleaners-in-marmion/,Oven Cleaning
https://smurfettescleaningservice.net/expert-oven-cleaning-services-oven-cleaners-in-kinross/,Oven Cleaning
https://smurfettescleaningservice.net/expert-oven-cleaning-services-oven-cleaners-in-kingsley/,Oven Cleaning
https://smurfettescleaningservice.net/expert-oven-cleaning-services-oven-cleaners-in-kallaroo/,Oven Cleaning
https://smurfettescleaningservice.net/expert-oven-cleaning-services-oven-cleaners-in-joondalup/,Oven Cleaning
https://smurfettescleaningservice.net/expert-oven-cleaning-services-oven-cleaners-in-iluka/,Oven Cleaning
https://smurfettescleaningservice.net/expert-oven-cleaning-services-oven-cleaners-in-hillarys/,Oven Cleaning
https://smurfettescleaningservice.net/expert-oven-cleaning-services-oven-cleaners-in-heathridge/,Oven Cleaning
https://smurfettescleaningservice.net/expert-oven-cleaning-services-oven-cleaners-in-greenwood/,Oven Cleaning
https://smurfettescleaningservice.net/expert-oven-cleaning-services-oven-cleaners-in-edgewater/,Oven Cleaning
https://smurfettescleaningservice.net/expert-oven-cleaning-services-oven-cleaners-in-duncraig/,Oven Cleaning
https://smurfettescleaningservice.net/expert-oven-cleaning-services-oven-cleaners-in-currumbine/,Oven Cleaning
https://smurfettescleaningservice.net/expert-oven-cleaning-services-oven-cleaners-in-craigie/,Oven Cleaning
https://smurfettescleaningservice.net/expert-oven-cleaning-services-oven-cleaners-in-connolly/,Oven Cleaning
https://smurfettescleaningservice.net/window-cleaners-trigg-window-cleaning-near-me/,Window Cleaning
https://smurfettescleaningservice.net/window-cleaners-scarborough-window-cleaning-near-me/,Window Cleaning
https://smurfettescleaningservice.net/window-cleaners-osborne-park-window-cleaning-near-me/,Window Cleaning
https://smurfettescleaningservice.net/window-cleaners-north-beach-window-cleaning-near-me/,Window Cleaning
https://smurfettescleaningservice.net/window-cleaners-nollamara-window-cleaning-near-me/,Window Cleaning
https://smurfettescleaningservice.net/window-cleaners-mt-lawley-window-cleaning-near-me/,Window Cleaning
https://smurfettescleaningservice.net/window-cleaners-mirrabooka-window-cleaning-near-me/,Window Cleaning
https://smurfettescleaningservice.net/window-cleaners-menora-window-cleaning-near-me/,Window Cleaning
https://smurfettescleaningservice.net/window-cleaners-karrinyup-window-cleaning-near-me/,Window Cleaning
https://smurfettescleaningservice.net/window-cleaners-joondanna-window-cleaning-near-me/,Window Cleaning
https://smurfettescleaningservice.net/window-cleaners-innaloo-window-cleaning-near-me/,Window Cleaning
https://smurfettescleaningservice.net/window-cleaners-inglewood-window-cleaning-near-me/,Window Cleaning
https://smurfettescleaningservice.net/window-cleaners-herdsman-window-cleaning-near-me/,Window Cleaning
https://smurfettescleaningservice.net/window-cleaners-hamersley-window-cleaning-near-me/,Window Cleaning
https://smurfettescleaningservice.net/window-cleaners-gwelup-window-cleaning-near-me/,Window Cleaning
https://smurfettescleaningservice.net/window-cleaners-glendalough-window-cleaning-near-me/,Window Cleaning
https://smurfettescleaningservice.net/window-cleaners-doubleview-window-cleaning-near-me/,Window Cleaning
https://smurfettescleaningservice.net/window-cleaners-coolbinia-window-cleaning-near-me/,Window Cleaning
https://smurfettescleaningservice.net/window-cleaners-churchlands-window-cleaning-near-me/,Window Cleaning
https://smurfettescleaningservice.net/window-cleaners-carine-window-cleaning-near-me/,Window Cleaning
https://smurfettescleaningservice.net/window-cleaners-balga-window-cleaning-near-me/,Window Cleaning
https://smurfettescleaningservice.net/window-cleaners-balcatta-window-cleaning-near-me/,Window Cleaning
https://smurfettescleaningservice.net/window-cleaners-waterford-window-cleaning-near-me/,Window Cleaning
https://smurfettescleaningservice.net/window-cleaners-salter-point-window-cleaning-near-me/,Window Cleaning
https://smurfettescleaningservice.net/window-cleaners-manning-window-cleaning-near-me/,Window Cleaning
https://smurfettescleaningservice.net/window-cleaners-kensington-window-cleaning-near-me/,Window Cleaning
https://smurfettescleaningservice.net/window-cleaners-karawara-window-cleaning-near-me/,Window Cleaning
https://smurfettescleaningservice.net/window-cleaners-como-window-cleaning-near-me/,Window Cleaning
https://smurfettescleaningservice.net/window-cleaners-byford-window-cleaning-near-me/,Window Cleaning
https://smurfettescleaningservice.net/window-cleaners-warnbro-window-cleaning-near-me/,Window Cleaning
https://smurfettescleaningservice.net/window-cleaners-waikiki-window-cleaning-near-me/,Window Cleaning
https://smurfettescleaningservice.net/window-cleaners-singleton-window-cleaning-near-me/,Window Cleaning
https://smurfettescleaningservice.net/window-cleaners-shoalwater-window-cleaning-near-me/,Window Cleaning
https://smurfettescleaningservice.net/window-cleaners-secret-harbour-window-cleaning-near-me/,Window Cleaning
https://smurfettescleaningservice.net/window-cleaners-madora-bay-window-cleaning-near-me/,Window Cleaning
https://smurfettescleaningservice.net/window-cleaners-meadow-springs-window-cleaning-near-me/,Window Cleaning
https://smurfettescleaningservice.net/window-cleaners-safety-bay-window-cleaning-near-me/,Window Cleaning
https://smurfettescleaningservice.net/window-cleaners-port-kennedy-window-cleaning-near-me/,Window Cleaning
https://smurfettescleaningservice.net/window-cleaners-peron-window-cleaning-near-me/,Window Cleaning
https://smurfettescleaningservice.net/window-cleaners-karnup-window-cleaning-near-me/,Window Cleaning
https://smurfettescleaningservice.net/window-cleaners-hillman-window-cleaning-near-me/,Window Cleaning
https://smurfettescleaningservice.net/window-cleaners-golden-bay-window-cleaning-near-me/,Window Cleaning
https://smurfettescleaningservice.net/window-cleaners-east-rockingham-window-cleaning-near-me/,Window Cleaning
https://smurfettescleaningservice.net/window-cleaners-cooloongup-window-cleaning-near-me/,Window Cleaning
https://smurfettescleaningservice.net/window-cleaners-baldivis-window-cleaning-near-me/,Window Cleaning
https://smurfettescleaningservice.net/window-cleaners-west-perth-window-cleaning-near-me/,Window Cleaning
https://smurfettescleaningservice.net/window-cleaners-perth-city-window-cleaning-near-me/,Window Cleaning
https://smurfettescleaningservice.net/window-cleaners-northbridge-window-cleaning-near-me/,Window Cleaning
https://smurfettescleaningservice.net/window-cleaners-kings-park-window-cleaning-near-me/,Window Cleaning
https://smurfettescleaningservice.net/window-cleaners-east-perth-window-cleaning-near-me/,Window Cleaning
https://smurfettescleaningservice.net/window-cleaners-mt-claremont-window-cleaning-near-me/,Window Cleaning
https://smurfettescleaningservice.net/window-cleaners-karrakatta-window-cleaning-near-me/,Window Cleaning
https://smurfettescleaningservice.net/window-cleaners-dalkeith-window-cleaning-near-me/,Window Cleaning
https://smurfettescleaningservice.net/window-cleaners-winthrop-window-cleaning-near-me/,Window Cleaning
https://smurfettescleaningservice.net/window-cleaners-willagee-window-cleaning-near-me/,Window Cleaning
https://smurfettescleaningservice.net/window-cleaners-palmyra-window-cleaning-near-me/,Window Cleaning
https://smurfettescleaningservice.net/window-cleaners-myaree-window-cleaning-near-me/,Window Cleaning
https://smurfettescleaningservice.net/window-cleaners-murdoch-window-cleaning-near-me/,Window Cleaning
https://smurfettescleaningservice.net/window-cleaners-mt-pleasant-window-cleaning-near-me/,Window Cleaning
https://smurfettescleaningservice.net/window-cleaners-leeming-window-cleaning-near-me/,Window Cleaning
https://smurfettescleaningservice.net/window-cleaners-kardinya-window-cleaning-near-me/,Window Cleaning
https://smurfettescleaningservice.net/window-cleaners-bull-creek-window-cleaning-near-me/,Window Cleaning
https://smurfettescleaningservice.net/window-cleaners-brentwood-window-cleaning-near-me/,Window Cleaning
https://smurfettescleaningservice.net/window-cleaners-booragoon-window-cleaning-near-me/,Window Cleaning
https://smurfettescleaningservice.net/window-cleaners-bicton-window-cleaning-near-me/,Window Cleaning
https://smurfettescleaningservice.net/window-cleaners-bateman-window-cleaning-near-me/,Window Cleaning
https://smurfettescleaningservice.net/window-cleaners-attadale-window-cleaning-near-me/,Window Cleaning
https://smurfettescleaningservice.net/window-cleaners-ardross-window-cleaning-near-me/,Window Cleaning
https://smurfettescleaningservice.net/window-cleaners-applecross-window-cleaning-near-me/,Window Cleaning
https://smurfettescleaningservice.net/window-cleaners-alfred-cove-window-cleaning-near-me/,Window Cleaning
https://smurfettescleaningservice.net/window-cleaners-ravenswood-window-cleaning-near-me/,Window Cleaning
https://smurfettescleaningservice.net/window-cleaners-north-yunderup-window-cleaning-near-me/,Window Cleaning
https://smurfettescleaningservice.net/window-cleaners-south-yunderup-window-cleaning-near-me/,Window Cleaning
https://smurfettescleaningservice.net/window-cleaners-furnissdale-window-cleaning-near-me/,Window Cleaning
https://smurfettescleaningservice.net/window-cleaners-barragup-window-cleaning-near-me/,Window Cleaning
https://smurfettescleaningservice.net/window-cleaners-wannanup-window-cleaning-near-me/,Window Cleaning
https://smurfettescleaningservice.net/window-cleaners-san-remo-window-cleaning-near-me/,Window Cleaning
https://smurfettescleaningservice.net/window-cleaners-silver-sands-window-cleaning-near-me/,Window Cleaning
https://smurfettescleaningservice.net/window-cleaners-lakelands-window-cleaning-near-me/,Window Cleaning
https://smurfettescleaningservice.net/window-cleaners-halls-head-window-cleaning-near-me/,Window Cleaning
https://smurfettescleaningservice.net/window-cleaners-greenfields-window-cleaning-near-me/,Window Cleaning
https://smurfettescleaningservice.net/window-cleaners-falcon-window-cleaning-near-me/,Window Cleaning
https://smurfettescleaningservice.net/window-cleaners-erskine-window-cleaning-near-me/,Window Cleaning
https://smurfettescleaningservice.net/window-cleaners-dawesville-window-cleaning-near-me/,Window Cleaning
https://smurfettescleaningservice.net/window-cleaners-dudley-park-window-cleaning-near-me/,Window Cleaning
https://smurfettescleaningservice.net/window-cleaners-coodanup-window-cleaning-near-me/,Window Cleaning
https://smurfettescleaningservice.net/window-cleaners-bouvard-window-cleaning-near-me/,Window Cleaning
https://smurfettescleaningservice.net/window-cleaners-wellard-window-cleaning-near-me/,Window Cleaning
https://smurfettescleaningservice.net/window-cleaners-wandi-window-cleaning-near-me/,Window Cleaning
https://smurfettescleaningservice.net/window-cleaners-naval-base-window-cleaning-near-me/,Window Cleaning
https://smurfettescleaningservice.net/window-cleaners-the-spectacles-window-cleaning-near-me/,Window Cleaning
https://smurfettescleaningservice.net/window-cleaners-postans-window-cleaning-near-me/,Window Cleaning
https://smurfettescleaningservice.net/window-cleaners-parmelia-window-cleaning-near-me/,Window Cleaning
https://smurfettescleaningservice.net/window-cleaners-orelia-window-cleaning-near-me/,Window Cleaning
https://smurfettescleaningservice.net/window-cleaners-medina-window-cleaning-near-me/,Window Cleaning
https://smurfettescleaningservice.net/window-cleaners-mandogalup-window-cleaning-near-me/,Window Cleaning
https://smurfettescleaningservice.net/window-cleaners-leda-window-cleaning-near-me/,Window Cleaning
https://smurfettescleaningservice.net/window-cleaners-hope-valley-window-cleaning-near-me/,Window Cleaning
https://smurfettescleaningservice.net/window-cleaners-casuarina-window-cleaning-near-me/,Window Cleaning
https://smurfettescleaningservice.net/window-cleaners-calista-window-cleaning-near-me/,Window Cleaning
https://smurfettescleaningservice.net/window-cleaners-bertram-window-cleaning-near-me/,Window Cleaning
https://smurfettescleaningservice.net/window-cleaners-anketell-window-cleaning-near-me/,Window Cleaning
https://smurfettescleaningservice.net/window-cleaners-wattle-grove-window-cleaning-near-me/,Window Cleaning
https://smurfettescleaningservice.net/window-cleaners-walliston-window-cleaning-near-me/,Window Cleaning
https://smurfettescleaningservice.net/window-cleaners-piesse-brook-window-cleaning-near-me/,Window Cleaning
https://smurfettescleaningservice.net/window-cleaners-pickering-brook-window-cleaning-near-me/,Window Cleaning
https://smurfettescleaningservice.net/window-cleaners-paulls-valley-window-cleaning-near-me/,Window Cleaning
https://smurfettescleaningservice.net/window-cleaners-maida-vale-window-cleaning-near-me/,Window Cleaning
https://smurfettescleaningservice.net/window-cleaners-lesmurdie-window-cleaning-near-me/,Window Cleaning
https://smurfettescleaningservice.net/window-cleaners-high-wycombe-window-cleaning-near-me/,Window Cleaning
https://smurfettescleaningservice.net/window-cleaners-hacketts-gully-window-cleaning-near-me/,Window Cleaning
https://smurfettescleaningservice.net/window-cleaners-gooseberry-hill-window-cleaning-near-me/,Window Cleaning
https://smurfettescleaningservice.net/window-cleaners-forrestfield-window-cleaning-near-me/,Window Cleaning
https://smurfettescleaningservice.net/window-cleaners-carmel-window-cleaning-near-me/,Window Cleaning
https://smurfettescleaningservice.net/window-cleaners-canning-mills-window-cleaning-near-me/,Window Cleaning
https://smurfettescleaningservice.net/window-cleaners-bickley-window-cleaning-near-me/,Window Cleaning
https://smurfettescleaningservice.net/window-cleaners-woodvale-window-cleaning-near-me/,Window Cleaning
https://smurfettescleaningservice.net/window-cleaners-warwick-window-cleaning-near-me/,Window Cleaning
https://smurfettescleaningservice.net/window-cleaners-sorrento-window-cleaning-near-me/,Window Cleaning
https://smurfettescleaningservice.net/window-cleaners-padbury-window-cleaning-near-me/,Window Cleaning
https://smurfettescleaningservice.net/window-cleaners-ocean-reef-window-cleaning-near-me/,Window Cleaning
https://smurfettescleaningservice.net/window-cleaners-mullaloo-window-cleaning-near-me/,Window Cleaning
https://smurfettescleaningservice.net/window-cleaners-marmion-window-cleaning-near-me/,Window Cleaning
https://smurfettescleaningservice.net/window-cleaners-kinross-window-cleaning-near-me/,Window Cleaning
https://smurfettescleaningservice.net/window-cleaners-kingsley-window-cleaning-near-me/,Window Cleaning
https://smurfettescleaningservice.net/window-cleaners-kallaroo-window-cleaning-near-me/,Window Cleaning
https://smurfettescleaningservice.net/window-cleaners-iluka-window-cleaning-near-me/,Window Cleaning
https://smurfettescleaningservice.net/window-cleaners-hillarys-window-cleaning-near-me/,Window Cleaning
https://smurfettescleaningservice.net/window-cleaners-heathridge-window-cleaning-near-me/,Window Cleaning
https://smurfettescleaningservice.net/window-cleaners-greenwood-window-cleaning-near-me/,Window Cleaning
https://smurfettescleaningservice.net/window-cleaners-edgewater-window-cleaning-near-me/,Window Cleaning
https://smurfettescleaningservice.net/window-cleaners-duncraig-window-cleaning-near-me/,Window Cleaning
https://smurfettescleaningservice.net/window-cleaners-currumbine-window-cleaning-near-me/,Window Cleaning
https://smurfettescleaningservice.net/window-cleaners-craigie-window-cleaning-near-me/,Window Cleaning
https://smurfettescleaningservice.net/window-cleaners-connolly-window-cleaning-near-me/,Window Cleaning
https://smurfettescleaningservice.net/window-cleaners-burns-beach-window-cleaning-near-me/,Window Cleaning
https://smurfettescleaningservice.net/window-cleaners-beldon-window-cleaning-near-me/,Window Cleaning
https://smurfettescleaningservice.net/window-cleaners-thornlie-window-cleaning-near-me/,Window Cleaning
https://smurfettescleaningservice.net/window-cleaners-southern-river-window-cleaning-near-me/,Window Cleaning
https://smurfettescleaningservice.net/window-cleaners-orange-grove-window-cleaning-near-me/,Window Cleaning
https://smurfettescleaningservice.net/window-cleaners-martin-window-cleaning-near-me/,Window Cleaning
https://smurfettescleaningservice.net/window-cleaners-huntingdale-window-cleaning-near-me/,Window Cleaning
https://smurfettescleaningservice.net/window-cleaners-white-gum-valley-window-cleaning-near-me/,Window Cleaning
https://smurfettescleaningservice.net/window-cleaners-south-fremantle-window-cleaning-near-me/,Window Cleaning
https://smurfettescleaningservice.net/window-cleaners-oconnor-window-cleaning-near-me/,Window Cleaning
https://smurfettescleaningservice.net/window-cleaners-beaconsfield-window-cleaning-near-me/,Window Cleaning
https://smurfettescleaningservice.net/window-cleaners-wattleup-window-cleaning-near-me/,Window Cleaning
https://smurfettescleaningservice.net/window-cleaners-coogee-window-cleaning-near-me/,Window Cleaning
https://smurfettescleaningservice.net/window-cleaners-bibra-lake-window-cleaning-near-me/,Window Cleaning
https://smurfettescleaningservice.net/window-cleaners-beeliar-window-cleaning-near-me/,Window Cleaning
https://smurfettescleaningservice.net/window-cleaners-banjup-window-cleaning-near-me/,Window Cleaning
https://smurfettescleaningservice.net/window-cleaners-atwell-window-cleaning-near-me/,Window Cleaning
https://smurfettescleaningservice.net/window-cleaners-willeton-window-cleaning-near-me/,Window Cleaning
https://smurfettescleaningservice.net/window-cleaners-welshpool-window-cleaning-near-me/,Window Cleaning
https://smurfettescleaningservice.net/window-cleaners-shelley-window-cleaning-near-me/,Window Cleaning
https://smurfettescleaningservice.net/window-cleaners-rossmoyne-window-cleaning-near-me/,Window Cleaning
https://smurfettescleaningservice.net/window-cleaners-queens-park-window-cleaning-near-me/,Window Cleaning
https://smurfettescleaningservice.net/window-cleaners-parkwood-window-cleaning-near-me/,Window Cleaning
https://smurfettescleaningservice.net/window-cleaners-lynwood-window-cleaning-near-me/,Window Cleaning
https://smurfettescleaningservice.net/window-cleaners-ferndale-window-cleaning-near-me/,Window Cleaning
https://smurfettescleaningservice.net/window-cleaners-east-cannington-window-cleaning-near-me/,Window Cleaning
https://smurfettescleaningservice.net/window-cleaners-yangebup-window-cleaning-near-me/,Window Cleaning
https://smurfettescleaningservice.net/window-cleaners-wilson-window-cleaning-near-me/,Window Cleaning
https://smurfettescleaningservice.net/window-cleaners-success-window-cleaning-near-me/,Window Cleaning
https://smurfettescleaningservice.net/window-cleaners-south-lake-window-cleaning-near-me/,Window Cleaning
https://smurfettescleaningservice.net/window-cleaners-samson-window-cleaning-near-me/,Window Cleaning
https://smurfettescleaningservice.net/window-cleaners-piara-waters-window-cleaning-near-me/,Window Cleaning
https://smurfettescleaningservice.net/window-cleaners-north-lake-window-cleaning-near-me/,Window Cleaning
https://smurfettescleaningservice.net/window-cleaners-munster-window-cleaning-near-me/,Window Cleaning
https://smurfettescleaningservice.net/window-cleaners-mt-richon-window-cleaning-near-me/,Window Cleaning
https://smurfettescleaningservice.net/window-cleaners-maddington-window-cleaning-near-me/,Window Cleaning
https://smurfettescleaningservice.net/window-cleaners-langford-window-cleaning-near-me/,Window Cleaning
https://smurfettescleaningservice.net/window-cleaners-kenwick-window-cleaning-near-me/,Window Cleaning
https://smurfettescleaningservice.net/window-cleaners-hilton-window-cleaning-near-me/,Window Cleaning
https://smurfettescleaningservice.net/window-cleaners-henderson-window-cleaning-near-me/,Window Cleaning
https://smurfettescleaningservice.net/window-cleaners-hamilton-hill-window-cleaning-near-me/,Window Cleaning
https://smurfettescleaningservice.net/window-cleaners-cottesloe-window-cleaning-near-me/,Window Cleaning
https://smurfettescleaningservice.net/window-cleaners-coolbellup-window-cleaning-near-me/,Window Cleaning
https://smurfettescleaningservice.net/window-cleaners-champion-lakes-window-cleaning-near-me/,Window Cleaning
https://smurfettescleaningservice.net/window-cleaners-bayswater-window-cleaning-near-me/,Window Cleaning
https://smurfettescleaningservice.net/window-cleaners-aubin-grove-window-cleaning-near-me/,Window Cleaning
https://smurfettescleaningservice.net/window-cleaners-bentley-window-cleaning-near-me/,Window Cleaning
https://smurfettescleaningservice.net/window-cleaners-west-leederville-window-cleaning-near-me/,Window Cleaning
https://smurfettescleaningservice.net/window-cleaners-daglish-window-cleaning-near-me/,Window Cleaning
https://smurfettescleaningservice.net/window-cleaners-cloverdale-window-cleaning-near-me/,Window Cleaning
https://smurfettescleaningservice.net/window-cleaners-noranda-window-cleaning-near-me/,Window Cleaning
https://smurfettescleaningservice.net/window-cleaners-morley-window-cleaning-near-me/,Window Cleaning
https://smurfettescleaningservice.net/window-cleaners-maylands-window-cleaning-near-me/,Window Cleaning
https://smurfettescleaningservice.net/window-cleaners-embleton-window-cleaning-near-me/,Window Cleaning
https://smurfettescleaningservice.net/window-cleaners-dianella-window-cleaning-near-me/,Window Cleaning
https://smurfettescleaningservice.net/window-cleaners-bedford-window-cleaning-near-me/,Window Cleaning
https://smurfettescleaningservice.net/window-cleaners-ashfield-window-cleaning-near-me/,Window Cleaning
https://smurfettescleaningservice.net/window-cleaners-ascot-window-cleaning-near-me/,Window Cleaning
https://smurfettescleaningservice.net/window-cleaners-eden-hill-window-cleaning-near-me/,Window Cleaning
https://smurfettescleaningservice.net/window-cleaners-wungong-window-cleaning-near-me/,Window Cleaning
https://smurfettescleaningservice.net/window-cleaners-seville-grove-window-cleaning-near-me/,Window Cleaning
https://smurfettescleaningservice.net/window-cleaners-roleystone-window-cleaning-near-me/,Window Cleaning
https://smurfettescleaningservice.net/window-cleaners-mt-nasura-window-cleaning-near-me/,Window Cleaning
https://smurfettescleaningservice.net/window-cleaners-kelmscott-window-cleaning-near-me/,Window Cleaning
https://smurfettescleaningservice.net/window-cleaners-lakelands-window-cleaning-near-me/,Window Cleaning
https://smurfettescleaningservice.net/window-cleaners-halls-head-window-cleaning-near-me/,Window Cleaning
https://smurfettescleaningservice.net/window-cleaners-greenfields-window-cleaning-near-me/,Window Cleaning
https://smurfettescleaningservice.net/window-cleaners-falcon-window-cleaning-near-me/,Window Cleaning
https://smurfettescleaningservice.net/window-cleaners-erskine-window-cleaning-near-me/,Window Cleaning
https://smurfettescleaningservice.net/window-cleaners-dawesville-window-cleaning-near-me/,Window Cleaning
https://smurfettescleaningservice.net/window-cleaners-dudley-park-window-cleaning-near-me/,Window Cleaning
https://smurfettescleaningservice.net/window-cleaners-coodanup-window-cleaning-near-me/,Window Cleaning
https://smurfettescleaningservice.net/window-cleaners-bouvard-window-cleaning-near-me/,Window Cleaning
https://smurfettescleaningservice.net/window-cleaners-wellard-window-cleaning-near-me/,Window Cleaning
https://smurfettescleaningservice.net/window-cleaners-wandi-window-cleaning-near-me/,Window Cleaning
https://smurfettescleaningservice.net/window-cleaners-naval-base-window-cleaning-near-me/,Window Cleaning
https://smurfettescleaningservice.net/window-cleaners-the-spectacles-window-cleaning-near-me/,Window Cleaning
https://smurfettescleaningservice.net/window-cleaners-postans-window-cleaning-near-me/,Window Cleaning
https://smurfettescleaningservice.net/window-cleaners-parmelia-window-cleaning-near-me/,Window Cleaning
https://smurfettescleaningservice.net/window-cleaners-orelia-window-cleaning-near-me/,Window Cleaning
https://smurfettescleaningservice.net/window-cleaners-medina-window-cleaning-near-me/,Window Cleaning
https://smurfettescleaningservice.net/window-cleaners-mandogalup-window-cleaning-near-me/,Window Cleaning
https://smurfettescleaningservice.net/window-cleaners-leda-window-cleaning-near-me/,Window Cleaning
https://smurfettescleaningservice.net/window-cleaners-hope-valley-window-cleaning-near-me/,Window Cleaning
https://smurfettescleaningservice.net/window-cleaners-casuarina-window-cleaning-near-me/,Window Cleaning
https://smurfettescleaningservice.net/window-cleaners-calista-window-cleaning-near-me/,Window Cleaning
https://smurfettescleaningservice.net/window-cleaners-bertram-window-cleaning-near-me/,Window Cleaning
https://smurfettescleaningservice.net/window-cleaners-anketell-window-cleaning-near-me/,Window Cleaning
https://smurfettescleaningservice.net/window-cleaners-wattle-grove-window-cleaning-near-me/,Window Cleaning
https://smurfettescleaningservice.net/window-cleaners-walliston-window-cleaning-near-me/,Window Cleaning
https://smurfettescleaningservice.net/window-cleaners-piesse-brook-window-cleaning-near-me/,Window Cleaning
https://smurfettescleaningservice.net/window-cleaners-pickering-brook-window-cleaning-near-me/,Window Cleaning
https://smurfettescleaningservice.net/window-cleaners-paulls-valley-window-cleaning-near-me/,Window Cleaning
https://smurfettescleaningservice.net/window-cleaners-maida-vale-window-cleaning-near-me/,Window Cleaning
https://smurfettescleaningservice.net/window-cleaners-lesmurdie-window-cleaning-near-me/,Window Cleaning
https://smurfettescleaningservice.net/window-cleaners-high-wycombe-window-cleaning-near-me/,Window Cleaning
https://smurfettescleaningservice.net/window-cleaners-hacketts-gully-window-cleaning-near-me/,Window Cleaning
https://smurfettescleaningservice.net/window-cleaners-gooseberry-hill-window-cleaning-near-me/,Window Cleaning
https://smurfettescleaningservice.net/window-cleaners-forrestfield-window-cleaning-near-me/,Window Cleaning
https://smurfettescleaningservice.net/window-cleaners-carmel-window-cleaning-near-me/,Window Cleaning
https://smurfettescleaningservice.net/window-cleaners-canning-mills-window-cleaning-near-me/,Window Cleaning
https://smurfettescleaningservice.net/window-cleaners-bickley-window-cleaning-near-me/,Window Cleaning
https://smurfettescleaningservice.net/window-cleaners-woodvale-window-cleaning-near-me/,Window Cleaning
https://smurfettescleaningservice.net/window-cleaners-warwick-window-cleaning-near-me/,Window Cleaning
https://smurfettescleaningservice.net/window-cleaners-sorrento-window-cleaning-near-me/,Window Cleaning
https://smurfettescleaningservice.net/window-cleaners-padbury-window-cleaning-near-me/,Window Cleaning
https://smurfettescleaningservice.net/window-cleaners-ocean-reef-window-cleaning-near-me/,Window Cleaning
https://smurfettescleaningservice.net/window-cleaners-mullaloo-window-cleaning-near-me/,Window Cleaning
https://smurfettescleaningservice.net/window-cleaners-marmion-window-cleaning-near-me/,Window Cleaning
https://smurfettescleaningservice.net/window-cleaners-kinross-window-cleaning-near-me/,Window Cleaning
https://smurfettescleaningservice.net/window-cleaners-kingsley-window-cleaning-near-me/,Window Cleaning
https://smurfettescleaningservice.net/window-cleaners-kallaroo-window-cleaning-near-me/,Window Cleaning
https://smurfettescleaningservice.net/window-cleaners-iluka-window-cleaning-near-me/,Window Cleaning
https://smurfettescleaningservice.net/window-cleaners-hillarys-window-cleaning-near-me/,Window Cleaning
https://smurfettescleaningservice.net/window-cleaners-heathridge-window-cleaning-near-me/,Window Cleaning
https://smurfettescleaningservice.net/window-cleaners-greenwood-window-cleaning-near-me/,Window Cleaning
https://smurfettescleaningservice.net/window-cleaners-edgewater-window-cleaning-near-me/,Window Cleaning
https://smurfettescleaningservice.net/window-cleaners-duncraig-window-cleaning-near-me/,Window Cleaning
https://smurfettescleaningservice.net/window-cleaners-currumbine-window-cleaning-near-me/,Window Cleaning
https://smurfettescleaningservice.net/window-cleaners-craigie-window-cleaning-near-me/,Window Cleaning
https://smurfettescleaningservice.net/window-cleaners-connolly-window-cleaning-near-me/,Window Cleaning
https://smurfettescleaningservice.net/window-cleaners-burns-beach-window-cleaning-near-me/,Window Cleaning
https://smurfettescleaningservice.net/window-cleaners-beldon-window-cleaning-near-me/,Window Cleaning
https://smurfettescleaningservice.net/window-cleaners-thornlie-window-cleaning-near-me/,Window Cleaning
https://smurfettescleaningservice.net/window-cleaners-southern-river-window-cleaning-near-me/,Window Cleaning
https://smurfettescleaningservice.net/window-cleaners-orange-grove-window-cleaning-near-me/,Window Cleaning
https://smurfettescleaningservice.net/window-cleaners-martin-window-cleaning-near-me/,Window Cleaning
https://smurfettescleaningservice.net/window-cleaners-huntingdale-window-cleaning-near-me/,Window Cleaning
https://smurfettescleaningservice.net/window-cleaners-white-gum-valley-window-cleaning-near-me/,Window Cleaning
https://smurfettescleaningservice.net/window-cleaners-south-fremantle-window-cleaning-near-me/,Window Cleaning
https://smurfettescleaningservice.net/window-cleaners-oconnor-window-cleaning-near-me/,Window Cleaning
https://smurfettescleaningservice.net/window-cleaners-beaconsfield-window-cleaning-near-me/,Window Cleaning
https://smurfettescleaningservice.net/window-cleaners-wattleup-window-cleaning-near-me/,Window Cleaning
https://smurfettescleaningservice.net/window-cleaners-coogee-window-cleaning-near-me/,Window Cleaning
https://smurfettescleaningservice.net/window-cleaners-bibra-lake-window-cleaning-near-me/,Window Cleaning
https://smurfettescleaningservice.net/window-cleaners-beeliar-window-cleaning-near-me/,Window Cleaning
https://smurfettescleaningservice.net/window-cleaners-banjup-window-cleaning-near-me/,Window Cleaning
https://smurfettescleaningservice.net/window-cleaners-atwell-window-cleaning-near-me/,Window Cleaning
https://smurfettescleaningservice.net/window-cleaners-willeton-window-cleaning-near-me/,Window Cleaning
https://smurfettescleaningservice.net/window-cleaners-welshpool-window-cleaning-near-me/,Window Cleaning
https://smurfettescleaningservice.net/window-cleaners-shelley-window-cleaning-near-me/,Window Cleaning
https://smurfettescleaningservice.net/window-cleaners-rossmoyne-window-cleaning-near-me/,Window Cleaning
https://smurfettescleaningservice.net/window-cleaners-queens-park-window-cleaning-near-me/,Window Cleaning
https://smurfettescleaningservice.net/window-cleaners-parkwood-window-cleaning-near-me/,Window Cleaning
https://smurfettescleaningservice.net/window-cleaners-lynwood-window-cleaning-near-me/,Window Cleaning
https://smurfettescleaningservice.net/window-cleaners-ferndale-window-cleaning-near-me/,Window Cleaning
https://smurfettescleaningservice.net/window-cleaners-east-cannington-window-cleaning-near-me/,Window Cleaning
https://smurfettescleaningservice.net/window-cleaners-yangebup-window-cleaning-near-me/,Window Cleaning
https://smurfettescleaningservice.net/window-cleaners-wilson-window-cleaning-near-me/,Window Cleaning
https://smurfettescleaningservice.net/window-cleaners-success-window-cleaning-near-me/,Window Cleaning
https://smurfettescleaningservice.net/window-cleaners-south-lake-window-cleaning-near-me/,Window Cleaning
https://smurfettescleaningservice.net/window-cleaners-samson-window-cleaning-near-me/,Window Cleaning
https://smurfettescleaningservice.net/window-cleaners-piara-waters-window-cleaning-near-me/,Window Cleaning
https://smurfettescleaningservice.net/window-cleaners-north-lake-window-cleaning-near-me/,Window Cleaning
https://smurfettescleaningservice.net/window-cleaners-munster-window-cleaning-near-me/,Window Cleaning
https://smurfettescleaningservice.net/window-cleaners-mt-richon-window-cleaning-near-me/,Window Cleaning
https://smurfettescleaningservice.net/window-cleaners-maddington-window-cleaning-near-me/,Window Cleaning
https://smurfettescleaningservice.net/window-cleaners-langford-window-cleaning-near-me/,Window Cleaning
https://smurfettescleaningservice.net/window-cleaners-kenwick-window-cleaning-near-me/,Window Cleaning
https://smurfettescleaningservice.net/window-cleaners-hilton-window-cleaning-near-me/,Window Cleaning
https://smurfettescleaningservice.net/window-cleaners-henderson-window-cleaning-near-me/,Window Cleaning
https://smurfettescleaningservice.net/window-cleaners-hamilton-hill-window-cleaning-near-me/,Window Cleaning
https://smurfettescleaningservice.net/window-cleaners-cottesloe-window-cleaning-near-me/,Window Cleaning
https://smurfettescleaningservice.net/window-cleaners-coolbellup-window-cleaning-near-me/,Window Cleaning
https://smurfettescleaningservice.net/window-cleaners-champion-lakes-window-cleaning-near-me/,Window Cleaning
https://smurfettescleaningservice.net/window-cleaners-bayswater-window-cleaning-near-me/,Window Cleaning
https://smurfettescleaningservice.net/window-cleaners-aubin-grove-window-cleaning-near-me/,Window Cleaning
https://smurfettescleaningservice.net/window-cleaners-bentley-window-cleaning-near-me/,Window Cleaning
https://smurfettescleaningservice.net/window-cleaners-west-leederville-window-cleaning-near-me/,Window Cleaning
https://smurfettescleaningservice.net/window-cleaners-daglish-window-cleaning-near-me/,Window Cleaning
https://smurfettescleaningservice.net/window-cleaners-cloverdale-window-cleaning-near-me/,Window Cleaning
https://smurfettescleaningservice.net/window-cleaners-noranda-window-cleaning-near-me/,Window Cleaning
https://smurfettescleaningservice.net/window-cleaners-morley-window-cleaning-near-me/,Window Cleaning
https://smurfettescleaningservice.net/window-cleaners-maylands-window-cleaning-near-me/,Window Cleaning
https://smurfettescleaningservice.net/window-cleaners-embleton-window-cleaning-near-me/,Window Cleaning
https://smurfettescleaningservice.net/window-cleaners-dianella-window-cleaning-near-me/,Window Cleaning
https://smurfettescleaningservice.net/window-cleaners-bedford-window-cleaning-near-me/,Window Cleaning
https://smurfettescleaningservice.net/window-cleaners-ashfield-window-cleaning-near-me/,Window Cleaning
https://smurfettescleaningservice.net/window-cleaners-ascot-window-cleaning-near-me/,Window Cleaning
https://smurfettescleaningservice.net/window-cleaners-eden-hill-window-cleaning-near-me/,Window Cleaning
https://smurfettescleaningservice.net/window-cleaners-wungong-window-cleaning-near-me/,Window Cleaning
https://smurfettescleaningservice.net/window-cleaners-seville-grove-window-cleaning-near-me/,Window Cleaning
https://smurfettescleaningservice.net/window-cleaners-roleystone-window-cleaning-near-me/,Window Cleaning
https://smurfettescleaningservice.net/window-cleaners-mt-nasura-window-cleaning-near-me/,Window Cleaning
https://smurfettescleaningservice.net/window-cleaners-kelmscott-window-cleaning-near-me/,Window Cleaning
https://smurfettescleaningservice.net/window-cleaners-karragullen-window-cleaning-near-me/,Window Cleaning
https://smurfettescleaningservice.net/window-cleaners-hilbert-window-cleaning-near-me/,Window Cleaning
https://smurfettescleaningservice.net/window-cleaners-haynes-window-cleaning-near-me/,Window Cleaning
https://smurfettescleaningservice.net/window-cleaners-harrisdale-window-cleaning-near-me/,Window Cleaning
https://smurfettescleaningservice.net/window-cleaners-forrestdale-window-cleaning-near-me/,Window Cleaning
https://smurfettescleaningservice.net/window-cleaners-camillo-window-cleaning-near-me/,Window Cleaning
https://smurfettescleaningservice.net/window-cleaners-brookdale-window-cleaning-near-me/,Window Cleaning
https://smurfettescleaningservice.net/window-cleaners-bedfordale-window-cleaning-near-me/,Window Cleaning
https://smurfettescleaningservice.net/window-cleaners-ashendon-window-cleaning-near-me/,Window Cleaning
https://smurfettescleaningservice.net/window-cleaners-fremantle-window-cleaning-near-me/,Window Cleaning
https://smurfettescleaningservice.net/window-cleaners-armadale-window-cleaning-near-me/,Window Cleaning
https://smurfettescleaningservice.net/window-cleaners-bassendean-window-cleaning-near-me/,Window Cleaning
https://smurfettescleaningservice.net/window-cleaners-belmont-window-cleaning-near-me/,Window Cleaning
https://smurfettescleaningservice.net/window-cleaners-cambridge-window-cleaning-near-me/,Window Cleaning
https://smurfettescleaningservice.net/window-cleaners-city-of-canning-window-cleaning-near-me/,Window Cleaning
https://smurfettescleaningservice.net/window-cleaners-claremont-window-cleaning-near-me/,Window Cleaning
https://smurfettescleaningservice.net/window-cleaners-cockburn-window-cleaning-near-me/,Window Cleaning
https://smurfettescleaningservice.net/window-cleaners-east-fremantle-window-cleaning-near-me/,Window Cleaning
https://smurfettescleaningservice.net/window-cleaners-gosnells-window-cleaning-near-me/,Window Cleaning
https://smurfettescleaningservice.net/window-cleaners-joondalup-window-cleaning-near-me/,Window Cleaning
https://smurfettescleaningservice.net/window-cleaners-kalamunda-window-cleaning-near-me/,Window Cleaning
https://smurfettescleaningservice.net/window-cleaners-kwinana-window-cleaning-near-me/,Window Cleaning
https://smurfettescleaningservice.net/window-cleaners-mandurah-window-cleaning-near-me/,Window Cleaning
https://smurfettescleaningservice.net/window-cleaners-melville-window-cleaning-near-me/,Window Cleaning
https://smurfettescleaningservice.net/window-cleaners-mossman-park-window-cleaning-near-me/,Window Cleaning
https://smurfettescleaningservice.net/window-cleaners-nedlands-window-cleaning-near-me/,Window Cleaning
https://smurfettescleaningservice.net/window-cleaners-peppermint-grove-window-cleaning-near-me/,Window Cleaning
https://smurfettescleaningservice.net/window-cleaners-pinjarra-window-cleaning-near-me/,Window Cleaning
https://smurfettescleaningservice.net/window-cleaners-rockingham-window-cleaning-near-me/,Window Cleaning
https://smurfettescleaningservice.net/window-cleaners-south-perth-window-cleaning-near-me/,Window Cleaning
https://smurfettescleaningservice.net/window-cleaners-subiaco-window-cleaning-near-me/,Window Cleaning
https://smurfettescleaningservice.net/window-cleaners-stirling-window-cleaning-near-me/,Window Cleaning
https://smurfettescleaningservice.net/window-cleaners-victoria-park-window-cleaning-near-me/,Window Cleaning
https://smurfettescleaningservice.net/window-cleaners-vincent-window-cleaning-near-me/,Window Cleaning
https://smurfettescleaningservice.net/window-cleaners-wanneroo-window-cleaning-near-me/,Window Cleaning
https://smurfettescleaningservice.net/window-cleaners-perth-window-cleaning-near-me/,Window Cleaning
https://smurfettescleaningservice.net/one-off-cleaning-services-yanchep/,One-Off Cleaning
https://smurfettescleaningservice.net/one-off-cleaning-services-wanneroo-2/,One-Off Cleaning
https://smurfettescleaningservice.net/one-off-cleaning-services-wembley-downs/,One-Off Cleaning
https://smurfettescleaningservice.net/one-off-cleaning-services-westminster/,One-Off Cleaning
https://smurfettescleaningservice.net/one-off-cleaning-services-woodlands/,One-Off Cleaning
https://smurfettescleaningservice.net/one-off-cleaning-services-yokine/,One-Off Cleaning
https://smurfettescleaningservice.net/one-off-cleaning-services-aveley/,One-Off Cleaning
https://smurfettescleaningservice.net/one-off-cleaning-services-ballajura/,One-Off Cleaning
https://smurfettescleaningservice.net/one-off-cleaning-services-baskerville/,One-Off Cleaning
https://smurfettescleaningservice.net/one-off-cleaning-services-beechboro/,One-Off Cleaning
https://smurfettescleaningservice.net/one-off-cleaning-services-belhus/,One-Off Cleaning
https://smurfettescleaningservice.net/one-off-cleaning-services-bellevue/,One-Off Cleaning
https://smurfettescleaningservice.net/one-off-cleaning-services-bennett-springs/,One-Off Cleaning
https://smurfettescleaningservice.net/one-off-cleaning-services-brabham/,One-Off Cleaning
https://smurfettescleaningservice.net/one-off-cleaning-services-brigadoon/,One-Off Cleaning
https://smurfettescleaningservice.net/one-off-cleaning-services-bullsbrook/,One-Off Cleaning
https://smurfettescleaningservice.net/one-off-cleaning-services-caversham/,One-Off Cleaning
https://smurfettescleaningservice.net/one-off-cleaning-services-cullacabardee/,One-Off Cleaning
https://smurfettescleaningservice.net/one-off-cleaning-services-dayton/,One-Off Cleaning
https://smurfettescleaningservice.net/one-off-cleaning-services-ellenbrook/,One-Off Cleaning
https://smurfettescleaningservice.net/one-off-cleaning-services-gidgegannup/,One-Off Cleaning
https://smurfettescleaningservice.net/one-off-cleaning-services-guildford/,One-Off Cleaning
https://smurfettescleaningservice.net/one-off-cleaning-services-hazelmere/,One-Off Cleaning
https://smurfettescleaningservice.net/one-off-cleaning-services-henley-brook/,One-Off Cleaning
https://smurfettescleaningservice.net/one-off-cleaning-services-herne-hill/,One-Off Cleaning
https://smurfettescleaningservice.net/one-off-cleaning-services-jane-brook/,One-Off Cleaning
https://smurfettescleaningservice.net/one-off-cleaning-services-kiara/,One-Off Cleaning
https://smurfettescleaningservice.net/one-off-cleaning-services-koongamia/,One-Off Cleaning
https://smurfettescleaningservice.net/one-off-cleaning-services-lexia/,One-Off Cleaning
https://smurfettescleaningservice.net/one-off-cleaning-services-lockridge/,One-Off Cleaning
https://smurfettescleaningservice.net/one-off-cleaning-services-malaga/,One-Off Cleaning
https://smurfettescleaningservice.net/one-off-cleaning-services-melaleuca/,One-Off Cleaning
https://smurfettescleaningservice.net/one-off-cleaning-services-middle-swan/,One-Off Cleaning
https://smurfettescleaningservice.net/one-off-cleaning-services-midland/,One-Off Cleaning
https://smurfettescleaningservice.net/one-off-cleaning-services-midvale/,One-Off Cleaning
https://smurfettescleaningservice.net/one-off-cleaning-services-millendon/,One-Off Cleaning
https://smurfettescleaningservice.net/one-off-cleaning-services-red-hill/,One-Off Cleaning
https://smurfettescleaningservice.net/one-off-cleaning-services-south-guildford/,One-Off Cleaning
https://smurfettescleaningservice.net/one-off-cleaning-services-stratton/,One-Off Cleaning
https://smurfettescleaningservice.net/one-off-cleaning-services-the-vines/,One-Off Cleaning
https://smurfettescleaningservice.net/one-off-cleaning-services-upper-swan/,One-Off Cleaning
https://smurfettescleaningservice.net/one-off-cleaning-services-valley-ridge/,One-Off Cleaning
https://smurfettescleaningservice.net/one-off-cleaning-services-viveash/,One-Off Cleaning
https://smurfettescleaningservice.net/one-off-cleaning-services-west-swan/,One-Off Cleaning
https://smurfettescleaningservice.net/one-off-cleaning-services-whiteman/,One-Off Cleaning
https://smurfettescleaningservice.net/one-off-cleaning-services-woodbridge/,One-Off Cleaning
https://smurfettescleaningservice.net/one-off-cleaning-services-swan-view/,One-Off Cleaning
https://smurfettescleaningservice.net/one-off-cleaning-services-alexander-heights/,One-Off Cleaning
https://smurfettescleaningservice.net/one-off-cleaning-services-alkimos/,One-Off Cleaning
https://smurfettescleaningservice.net/one-off-cleaning-services-ashby/,One-Off Cleaning
https://smurfettescleaningservice.net/one-off-cleaning-services-banksia-grove/,One-Off Cleaning
https://smurfettescleaningservice.net/one-off-cleaning-services-butler/,One-Off Cleaning
https://smurfettescleaningservice.net/one-off-cleaning-services-carabooda/,One-Off Cleaning
https://smurfettescleaningservice.net/one-off-cleaning-services-carramar/,One-Off Cleaning
https://smurfettescleaningservice.net/one-off-cleaning-services-clarkson/,One-Off Cleaning
https://smurfettescleaningservice.net/one-off-cleaning-services-darch/,One-Off Cleaning
https://smurfettescleaningservice.net/one-off-cleaning-services-eglinton/,One-Off Cleaning
https://smurfettescleaningservice.net/one-off-cleaning-services-girrawheen/,One-Off Cleaning
https://smurfettescleaningservice.net/one-off-cleaning-services-gnangara/,One-Off Cleaning
https://smurfettescleaningservice.net/one-off-cleaning-services-hocking/,One-Off Cleaning
https://smurfettescleaningservice.net/one-off-cleaning-services-jandabup/,One-Off Cleaning
https://smurfettescleaningservice.net/one-off-cleaning-services-jindalee/,One-Off Cleaning
https://smurfettescleaningservice.net/one-off-cleaning-services-koondoola/,One-Off Cleaning
https://smurfettescleaningservice.net/one-off-cleaning-services-landsdale/,One-Off Cleaning
https://smurfettescleaningservice.net/one-off-cleaning-services-madeley/,One-Off Cleaning
https://smurfettescleaningservice.net/one-off-cleaning-services-marangaroo/,One-Off Cleaning
https://smurfettescleaningservice.net/one-off-cleaning-services-mariginiup/,One-Off Cleaning
https://smurfettescleaningservice.net/one-off-cleaning-services-merriwa/,One-Off Cleaning
https://smurfettescleaningservice.net/one-off-cleaning-services-mindarie/,One-Off Cleaning
https://smurfettescleaningservice.net/one-off-cleaning-services-neerabup/,One-Off Cleaning
https://smurfettescleaningservice.net/one-off-cleaning-services-nowergup/,One-Off Cleaning
https://smurfettescleaningservice.net/one-off-cleaning-services-pearsall/,One-Off Cleaning
https://smurfettescleaningservice.net/one-off-cleaning-services-pinjar/,One-Off Cleaning
https://smurfettescleaningservice.net/one-off-cleaning-services-quinns-rocks/,One-Off Cleaning
https://smurfettescleaningservice.net/one-off-cleaning-services-ridgewood/,One-Off Cleaning
https://smurfettescleaningservice.net/one-off-cleaning-services-sinagra/,One-Off Cleaning
https://smurfettescleaningservice.net/one-off-cleaning-services-tamala-park/,One-Off Cleaning
https://smurfettescleaningservice.net/one-off-cleaning-services-tapping/,One-Off Cleaning
https://smurfettescleaningservice.net/one-off-cleaning-services-two-rocks/,One-Off Cleaning
https://smurfettescleaningservice.net/one-off-cleaning-services-wangara/,One-Off Cleaning
https://smurfettescleaningservice.net/one-off-cleaning-services-bateman/,One-Off Cleaning
https://smurfettescleaningservice.net/one-off-cleaning-services-alfred-cove/,One-Off Cleaning
https://smurfettescleaningservice.net/one-off-cleaning-services-applecross/,One-Off Cleaning
https://smurfettescleaningservice.net/one-off-cleaning-services-ardross/,One-Off Cleaning
https://smurfettescleaningservice.net/one-off-cleaning-services-attadale/,One-Off Cleaning
https://smurfettescleaningservice.net/one-off-cleaning-services-bicton/,One-Off Cleaning
https://smurfettescleaningservice.net/one-off-cleaning-services-booragoon/,One-Off Cleaning
https://smurfettescleaningservice.net/one-off-cleaning-services-brentwood/,One-Off Cleaning
https://smurfettescleaningservice.net/one-off-cleaning-services-bull-creek/,One-Off Cleaning
https://smurfettescleaningservice.net/one-off-cleaning-services-kardinya/,One-Off Cleaning
https://smurfettescleaningservice.net/one-off-cleaning-services-leeming/,One-Off Cleaning
https://smurfettescleaningservice.net/one-off-cleaning-services-mt-pleasant/,One-Off Cleaning
https://smurfettescleaningservice.net/one-off-cleaning-services-myaree/,One-Off Cleaning
https://smurfettescleaningservice.net/one-off-cleaning-services-palmyra/,One-Off Cleaning
https://smurfettescleaningservice.net/one-off-cleaning-services-willagee/,One-Off Cleaning
https://smurfettescleaningservice.net/one-off-cleaning-services-winthrop/,One-Off Cleaning
https://smurfettescleaningservice.net/one-off-cleaning-services-dalkeith/,One-Off Cleaning
https://smurfettescleaningservice.net/one-off-cleaning-services-karrakatta/,One-Off Cleaning
https://smurfettescleaningservice.net/one-off-cleaning-services-east-perth/,One-Off Cleaning
https://smurfettescleaningservice.net/one-off-cleaning-services-kings-park/,One-Off Cleaning
https://smurfettescleaningservice.net/one-off-cleaning-services-northbridge/,One-Off Cleaning
https://smurfettescleaningservice.net/one-off-cleaning-services-perth-city/,One-Off Cleaning
https://smurfettescleaningservice.net/one-off-cleaning-services-west-perth/,One-Off Cleaning
https://smurfettescleaningservice.net/one-off-cleaning-services-baldivis/,One-Off Cleaning
https://smurfettescleaningservice.net/one-off-cleaning-services-cooloongup/,One-Off Cleaning
https://smurfettescleaningservice.net/one-off-cleaning-services-east-rockingham/,One-Off Cleaning
https://smurfettescleaningservice.net/one-off-cleaning-services-hillman/,One-Off Cleaning
https://smurfettescleaningservice.net/one-off-cleaning-services-karnup/,One-Off Cleaning
https://smurfettescleaningservice.net/one-off-cleaning-services-peron/,One-Off Cleaning
https://smurfettescleaningservice.net/one-off-cleaning-services-port-kennedy/,One-Off Cleaning
https://smurfettescleaningservice.net/one-off-cleaning-services-safety-bay/,One-Off Cleaning
https://smurfettescleaningservice.net/one-off-cleaning-services-secret-harbour/,One-Off Cleaning
https://smurfettescleaningservice.net/one-off-cleaning-services-shoalwater/,One-Off Cleaning
https://smurfettescleaningservice.net/one-off-cleaning-services-singleton/,One-Off Cleaning
https://smurfettescleaningservice.net/one-off-cleaning-services-waikiki/,One-Off Cleaning
https://smurfettescleaningservice.net/one-off-cleaning-services-warnbro/,One-Off Cleaning
https://smurfettescleaningservice.net/one-off-cleaning-services-byford/,One-Off Cleaning
https://smurfettescleaningservice.net/one-off-cleaning-services-como/,One-Off Cleaning
https://smurfettescleaningservice.net/one-off-cleaning-services-karawara/,One-Off Cleaning
https://smurfettescleaningservice.net/one-off-cleaning-services-kensington/,One-Off Cleaning
https://smurfettescleaningservice.net/one-off-cleaning-services-manning/,One-Off Cleaning
https://smurfettescleaningservice.net/one-off-cleaning-services-salter-point/,One-Off Cleaning
https://smurfettescleaningservice.net/one-off-cleaning-services-waterford/,One-Off Cleaning
https://smurfettescleaningservice.net/one-off-cleaning-services-crawley/,One-Off Cleaning
https://smurfettescleaningservice.net/one-off-cleaning-services-jolimont/,One-Off Cleaning
https://smurfettescleaningservice.net/one-off-cleaning-services-shenton-park/,One-Off Cleaning
https://smurfettescleaningservice.net/one-off-cleaning-services-highgate/,One-Off Cleaning
https://smurfettescleaningservice.net/one-off-cleaning-services-leederville/,One-Off Cleaning
https://smurfettescleaningservice.net/one-off-cleaning-services-mt-hawthorn/,One-Off Cleaning
https://smurfettescleaningservice.net/one-off-cleaning-services-north-perth/,One-Off Cleaning
https://smurfettescleaningservice.net/one-off-cleaning-services-burswood/,One-Off Cleaning
https://smurfettescleaningservice.net/one-off-cleaning-services-carlisle/,One-Off Cleaning
https://smurfettescleaningservice.net/one-off-cleaning-services-east-victoria-park/,One-Off Cleaning
https://smurfettescleaningservice.net/one-off-cleaning-services-lathlain/,One-Off Cleaning
https://smurfettescleaningservice.net/one-off-cleaning-services-st-james/,One-Off Cleaning
https://smurfettescleaningservice.net/one-off-cleaning-services-balcatta/,One-Off Cleaning
https://smurfettescleaningservice.net/one-off-cleaning-services-balga/,One-Off Cleaning
https://smurfettescleaningservice.net/one-off-cleaning-services-carine/,One-Off Cleaning
https://smurfettescleaningservice.net/one-off-cleaning-services-churchlands/,One-Off Cleaning
https://smurfettescleaningservice.net/one-off-cleaning-services-coolbinia/,One-Off Cleaning
https://smurfettescleaningservice.net/one-off-cleaning-services-doubleview/,One-Off Cleaning
https://smurfettescleaningservice.net/one-off-cleaning-services-glendalough/,One-Off Cleaning
https://smurfettescleaningservice.net/one-off-cleaning-services-gwelup/,One-Off Cleaning
https://smurfettescleaningservice.net/one-off-cleaning-services-hamersley/,One-Off Cleaning
https://smurfettescleaningservice.net/one-off-cleaning-services-herdsman/,One-Off Cleaning
https://smurfettescleaningservice.net/one-off-cleaning-services-inglewood/,One-Off Cleaning
https://smurfettescleaningservice.net/one-off-cleaning-services-innaloo/,One-Off Cleaning
https://smurfettescleaningservice.net/one-off-cleaning-services-joondanna/,One-Off Cleaning
https://smurfettescleaningservice.net/one-off-cleaning-services-karrinyup/,One-Off Cleaning
https://smurfettescleaningservice.net/one-off-cleaning-services-menora/,One-Off Cleaning
https://smurfettescleaningservice.net/one-off-cleaning-services-mirrabooka/,One-Off Cleaning
https://smurfettescleaningservice.net/one-off-cleaning-services-mt-lawley/,One-Off Cleaning
https://smurfettescleaningservice.net/one-off-cleaning-services-nollamara/,One-Off Cleaning
https://smurfettescleaningservice.net/one-off-cleaning-services-melaleuca/,One-Off Cleaning
https://smurfettescleaningservice.net/one-off-cleaning-services-middle-swan/,One-Off Cleaning
https://smurfettescleaningservice.net/one-off-cleaning-services-midland/,One-Off Cleaning
https://smurfettescleaningservice.net/one-off-cleaning-services-midvale/,One-Off Cleaning
https://smurfettescleaningservice.net/one-off-cleaning-services-millendon/,One-Off Cleaning
https://smurfettescleaningservice.net/one-off-cleaning-services-red-hill/,One-Off Cleaning
https://smurfettescleaningservice.net/one-off-cleaning-services-south-guildford/,One-Off Cleaning
https://smurfettescleaningservice.net/one-off-cleaning-services-stratton/,One-Off Cleaning
https://smurfettescleaningservice.net/one-off-cleaning-services-the-vines/,One-Off Cleaning
https://smurfettescleaningservice.net/one-off-cleaning-services-upper-swan/,One-Off Cleaning
https://smurfettescleaningservice.net/one-off-cleaning-services-valley-ridge/,One-Off Cleaning
https://smurfettescleaningservice.net/one-off-cleaning-services-viveash/,One-Off Cleaning
https://smurfettescleaningservice.net/one-off-cleaning-services-west-swan/,One-Off Cleaning
https://smurfettescleaningservice.net/one-off-cleaning-services-whiteman/,One-Off Cleaning
https://smurfettescleaningservice.net/one-off-cleaning-services-woodbridge/,One-Off Cleaning
https://smurfettescleaningservice.net/one-off-cleaning-services-swan-view/,One-Off Cleaning
https://smurfettescleaningservice.net/one-off-cleaning-services-alexander-heights/,One-Off Cleaning
https://smurfettescleaningservice.net/one-off-cleaning-services-alkimos/,One-Off Cleaning
https://smurfettescleaningservice.net/one-off-cleaning-services-ashby/,One-Off Cleaning
https://smurfettescleaningservice.net/one-off-cleaning-services-banksia-grove/,One-Off Cleaning
https://smurfettescleaningservice.net/one-off-cleaning-services-butler/,One-Off Cleaning
https://smurfettescleaningservice.net/one-off-cleaning-services-carabooda/,One-Off Cleaning
https://smurfettescleaningservice.net/one-off-cleaning-services-carramar/,One-Off Cleaning
https://smurfettescleaningservice.net/one-off-cleaning-services-clarkson/,One-Off Cleaning
https://smurfettescleaningservice.net/one-off-cleaning-services-darch/,One-Off Cleaning
https://smurfettescleaningservice.net/one-off-cleaning-services-eglinton/,One-Off Cleaning
https://smurfettescleaningservice.net/one-off-cleaning-services-girrawheen/,One-Off Cleaning
https://smurfettescleaningservice.net/one-off-cleaning-services-gnangara/,One-Off Cleaning
https://smurfettescleaningservice.net/one-off-cleaning-services-hocking/,One-Off Cleaning
https://smurfettescleaningservice.net/one-off-cleaning-services-jandabup/,One-Off Cleaning
https://smurfettescleaningservice.net/one-off-cleaning-services-jindalee/,One-Off Cleaning
https://smurfettescleaningservice.net/one-off-cleaning-services-koondoola/,One-Off Cleaning
https://smurfettescleaningservice.net/one-off-cleaning-services-landsdale/,One-Off Cleaning
https://smurfettescleaningservice.net/one-off-cleaning-services-madeley/,One-Off Cleaning
https://smurfettescleaningservice.net/one-off-cleaning-services-marangaroo/,One-Off Cleaning
https://smurfettescleaningservice.net/one-off-cleaning-services-mariginiup/,One-Off Cleaning
https://smurfettescleaningservice.net/one-off-cleaning-services-merriwa/,One-Off Cleaning
https://smurfettescleaningservice.net/one-off-cleaning-services-mindarie/,One-Off Cleaning
https://smurfettescleaningservice.net/one-off-cleaning-services-neerabup/,One-Off Cleaning
https://smurfettescleaningservice.net/one-off-cleaning-services-nowergup/,One-Off Cleaning
https://smurfettescleaningservice.net/one-off-cleaning-services-pearsall/,One-Off Cleaning
https://smurfettescleaningservice.net/one-off-cleaning-services-pinjar/,One-Off Cleaning
https://smurfettescleaningservice.net/one-off-cleaning-services-quinns-rocks/,One-Off Cleaning
https://smurfettescleaningservice.net/one-off-cleaning-services-ridgewood/,One-Off Cleaning
https://smurfettescleaningservice.net/one-off-cleaning-services-sinagra/,One-Off Cleaning
https://smurfettescleaningservice.net/one-off-cleaning-services-tamala-park/,One-Off Cleaning
https://smurfettescleaningservice.net/one-off-cleaning-services-tapping/,One-Off Cleaning
https://smurfettescleaningservice.net/one-off-cleaning-services-two-rocks/,One-Off Cleaning
https://smurfettescleaningservice.net/one-off-cleaning-services-wangara/,One-Off Cleaning
https://smurfettescleaningservice.net/one-off-cleaning-services-bateman/,One-Off Cleaning
https://smurfettescleaningservice.net/one-off-cleaning-services-alfred-cove/,One-Off Cleaning
https://smurfettescleaningservice.net/one-off-cleaning-services-applecross/,One-Off Cleaning
https://smurfettescleaningservice.net/one-off-cleaning-services-ardross/,One-Off Cleaning
https://smurfettescleaningservice.net/one-off-cleaning-services-attadale/,One-Off Cleaning
https://smurfettescleaningservice.net/one-off-cleaning-services-bicton/,One-Off Cleaning
https://smurfettescleaningservice.net/one-off-cleaning-services-booragoon/,One-Off Cleaning
https://smurfettescleaningservice.net/one-off-cleaning-services-brentwood/,One-Off Cleaning
https://smurfettescleaningservice.net/one-off-cleaning-services-bull-creek/,One-Off Cleaning
https://smurfettescleaningservice.net/one-off-cleaning-services-kardinya/,One-Off Cleaning
https://smurfettescleaningservice.net/one-off-cleaning-services-leeming/,One-Off Cleaning
https://smurfettescleaningservice.net/one-off-cleaning-services-mt-pleasant/,One-Off Cleaning
https://smurfettescleaningservice.net/one-off-cleaning-services-myaree/,One-Off Cleaning
https://smurfettescleaningservice.net/one-off-cleaning-services-palmyra/,One-Off Cleaning
https://smurfettescleaningservice.net/one-off-cleaning-services-willagee/,One-Off Cleaning
https://smurfettescleaningservice.net/one-off-cleaning-services-winthrop/,One-Off Cleaning
https://smurfettescleaningservice.net/one-off-cleaning-services-dalkeith/,One-Off Cleaning
https://smurfettescleaningservice.net/one-off-cleaning-services-karrakatta/,One-Off Cleaning
https://smurfettescleaningservice.net/one-off-cleaning-services-east-perth/,One-Off Cleaning
https://smurfettescleaningservice.net/one-off-cleaning-services-kings-park/,One-Off Cleaning
https://smurfettescleaningservice.net/one-off-cleaning-services-northbridge/,One-Off Cleaning
https://smurfettescleaningservice.net/one-off-cleaning-services-perth-city/,One-Off Cleaning
https://smurfettescleaningservice.net/one-off-cleaning-services-west-perth/,One-Off Cleaning
https://smurfettescleaningservice.net/one-off-cleaning-services-baldivis/,One-Off Cleaning
https://smurfettescleaningservice.net/one-off-cleaning-services-cooloongup/,One-Off Cleaning
https://smurfettescleaningservice.net/one-off-cleaning-services-east-rockingham/,One-Off Cleaning
https://smurfettescleaningservice.net/one-off-cleaning-services-hillman/,One-Off Cleaning
https://smurfettescleaningservice.net/one-off-cleaning-services-karnup/,One-Off Cleaning
https://smurfettescleaningservice.net/one-off-cleaning-services-peron/,One-Off Cleaning
https://smurfettescleaningservice.net/one-off-cleaning-services-port-kennedy/,One-Off Cleaning
https://smurfettescleaningservice.net/one-off-cleaning-services-safety-bay/,One-Off Cleaning
https://smurfettescleaningservice.net/one-off-cleaning-services-secret-harbour/,One-Off Cleaning
https://smurfettescleaningservice.net/one-off-cleaning-services-shoalwater/,One-Off Cleaning
https://smurfettescleaningservice.net/one-off-cleaning-services-singleton/,One-Off Cleaning
https://smurfettescleaningservice.net/one-off-cleaning-services-waikiki/,One-Off Cleaning
https://smurfettescleaningservice.net/one-off-cleaning-services-warnbro/,One-Off Cleaning
https://smurfettescleaningservice.net/one-off-cleaning-services-byford/,One-Off Cleaning
https://smurfettescleaningservice.net/one-off-cleaning-services-como/,One-Off Cleaning
https://smurfettescleaningservice.net/one-off-cleaning-services-karawara/,One-Off Cleaning
https://smurfettescleaningservice.net/one-off-cleaning-services-kensington/,One-Off Cleaning
https://smurfettescleaningservice.net/one-off-cleaning-services-manning/,One-Off Cleaning
https://smurfettescleaningservice.net/one-off-cleaning-services-salter-point/,One-Off Cleaning
https://smurfettescleaningservice.net/one-off-cleaning-services-waterford/,One-Off Cleaning
https://smurfettescleaningservice.net/one-off-cleaning-services-crawley/,One-Off Cleaning
https://smurfettescleaningservice.net/one-off-cleaning-services-jolimont/,One-Off Cleaning
https://smurfettescleaningservice.net/one-off-cleaning-services-shenton-park/,One-Off Cleaning
https://smurfettescleaningservice.net/one-off-cleaning-services-highgate/,One-Off Cleaning
https://smurfettescleaningservice.net/one-off-cleaning-services-leederville/,One-Off Cleaning
https://smurfettescleaningservice.net/one-off-cleaning-services-mt-hawthorn/,One-Off Cleaning
https://smurfettescleaningservice.net/one-off-cleaning-services-north-perth/,One-Off Cleaning
https://smurfettescleaningservice.net/one-off-cleaning-services-burswood/,One-Off Cleaning
https://smurfettescleaningservice.net/one-off-cleaning-services-carlisle/,One-Off Cleaning
https://smurfettescleaningservice.net/one-off-cleaning-services-east-victoria-park/,One-Off Cleaning
https://smurfettescleaningservice.net/one-off-cleaning-services-lathlain/,One-Off Cleaning
https://smurfettescleaningservice.net/one-off-cleaning-services-st-james/,One-Off Cleaning
https://smurfettescleaningservice.net/one-off-cleaning-services-balcatta/,One-Off Cleaning
https://smurfettescleaningservice.net/one-off-cleaning-services-balga/,One-Off Cleaning
https://smurfettescleaningservice.net/one-off-cleaning-services-carine/,One-Off Cleaning
https://smurfettescleaningservice.net/one-off-cleaning-services-churchlands/,One-Off Cleaning
https://smurfettescleaningservice.net/one-off-cleaning-services-coolbinia/,One-Off Cleaning
https://smurfettescleaningservice.net/one-off-cleaning-services-doubleview/,One-Off Cleaning
https://smurfettescleaningservice.net/one-off-cleaning-services-glendalough/,One-Off Cleaning
https://smurfettescleaningservice.net/one-off-cleaning-services-gwelup/,One-Off Cleaning
https://smurfettescleaningservice.net/one-off-cleaning-services-hamersley/,One-Off Cleaning
https://smurfettescleaningservice.net/one-off-cleaning-services-herdsman/,One-Off Cleaning
https://smurfettescleaningservice.net/one-off-cleaning-services-inglewood/,One-Off Cleaning
https://smurfettescleaningservice.net/one-off-cleaning-services-innaloo/,One-Off Cleaning
https://smurfettescleaningservice.net/one-off-cleaning-services-joondanna/,One-Off Cleaning
https://smurfettescleaningservice.net/one-off-cleaning-services-karrinyup/,One-Off Cleaning
https://smurfettescleaningservice.net/one-off-cleaning-services-menora/,One-Off Cleaning
https://smurfettescleaningservice.net/one-off-cleaning-services-mirrabooka/,One-Off Cleaning
https://smurfettescleaningservice.net/one-off-cleaning-services-mt-lawley/,One-Off Cleaning
https://smurfettescleaningservice.net/one-off-cleaning-services-nollamara/,One-Off Cleaning
https://smurfettescleaningservice.net/one-off-cleaning-services-north-beach/,One-Off Cleaning
https://smurfettescleaningservice.net/one-off-cleaning-services-osborne-park/,One-Off Cleaning
https://smurfettescleaningservice.net/one-off-cleaning-services-scarborough/,One-Off Cleaning
https://smurfettescleaningservice.net/one-off-cleaning-services-watermans-bay/,One-Off Cleaning
https://smurfettescleaningservice.net/one-off-cleaning-services-trigg/,One-Off Cleaning
https://smurfettescleaningservice.net/one-off-cleaning-services-tuart-hill/,One-Off Cleaning
https://smurfettescleaningservice.net/one-off-cleaning-services-madora-bay/,One-Off Cleaning
https://smurfettescleaningservice.net/one-off-cleaning-services-halls-head/,One-Off Cleaning
https://smurfettescleaningservice.net/one-off-cleaning-services-beckenham/,One-Off Cleaning
https://smurfettescleaningservice.net/one-off-cleaning-services-huntingdale/,One-Off Cleaning
https://smurfettescleaningservice.net/one-off-cleaning-services-kenwick/,One-Off Cleaning
https://smurfettescleaningservice.net/one-off-cleaning-services-langford/,One-Off Cleaning
https://smurfettescleaningservice.net/one-off-cleaning-services-maddington/,One-Off Cleaning
https://smurfettescleaningservice.net/one-off-cleaning-services-martin/,One-Off Cleaning
https://smurfettescleaningservice.net/one-off-cleaning-services-orange-grove/,One-Off Cleaning
https://smurfettescleaningservice.net/one-off-cleaning-services-southern-river/,One-Off Cleaning
https://smurfettescleaningservice.net/one-off-cleaning-services-thornlie/,One-Off Cleaning
https://smurfettescleaningservice.net/one-off-cleaning-services-beldon/,One-Off Cleaning
https://smurfettescleaningservice.net/one-off-cleaning-services-burns-beach/,One-Off Cleaning
https://smurfettescleaningservice.net/one-off-cleaning-services-connolly/,One-Off Cleaning
https://smurfettescleaningservice.net/one-off-cleaning-services-craigie/,One-Off Cleaning
https://smurfettescleaningservice.net/one-off-cleaning-services-currumbine/,One-Off Cleaning
https://smurfettescleaningservice.net/one-off-cleaning-services-duncraig/,One-Off Cleaning
https://smurfettescleaningservice.net/one-off-cleaning-services-edgewater/,One-Off Cleaning
https://smurfettescleaningservice.net/one-off-cleaning-services-greenwood/,One-Off Cleaning
https://smurfettescleaningservice.net/one-off-cleaning-services-heathridge/,One-Off Cleaning
https://smurfettescleaningservice.net/one-off-cleaning-services-hillarys/,One-Off Cleaning
https://smurfettescleaningservice.net/one-off-cleaning-services-iluka/,One-Off Cleaning
https://smurfettescleaningservice.net/one-off-cleaning-services-kallaroo/,One-Off Cleaning
https://smurfettescleaningservice.net/one-off-cleaning-services-kingsley/,One-Off Cleaning
https://smurfettescleaningservice.net/one-off-cleaning-services-kinross/,One-Off Cleaning
https://smurfettescleaningservice.net/one-off-cleaning-services-marmion/,One-Off Cleaning
https://smurfettescleaningservice.net/one-off-cleaning-services-mullaloo/,One-Off Cleaning
https://smurfettescleaningservice.net/one-off-cleaning-services-ocean-reef/,One-Off Cleaning
https://smurfettescleaningservice.net/one-off-cleaning-services-padbury/,One-Off Cleaning
https://smurfettescleaningservice.net/one-off-cleaning-services-sorrento/,One-Off Cleaning
https://smurfettescleaningservice.net/one-off-cleaning-services-warwick/,One-Off Cleaning
https://smurfettescleaningservice.net/one-off-cleaning-services-woodvale/,One-Off Cleaning
https://smurfettescleaningservice.net/one-off-cleaning-services-bickley/,One-Off Cleaning
https://smurfettescleaningservice.net/one-off-cleaning-services-canning-mills/,One-Off Cleaning
https://smurfettescleaningservice.net/one-off-cleaning-services-carmel/,One-Off Cleaning
https://smurfettescleaningservice.net/one-off-cleaning-services-forrestfield/,One-Off Cleaning
https://smurfettescleaningservice.net/one-off-cleaning-services-gooseberry-hills/,One-Off Cleaning
https://smurfettescleaningservice.net/one-off-cleaning-services-hacketts-gully/,One-Off Cleaning
https://smurfettescleaningservice.net/one-off-cleaning-services-high-wycombe/,One-Off Cleaning
https://smurfettescleaningservice.net/one-off-cleaning-services-lesmurdie/,One-Off Cleaning
https://smurfettescleaningservice.net/one-off-cleaning-services-maida-vale/,One-Off Cleaning
https://smurfettescleaningservice.net/one-off-cleaning-services-paulls-valley/,One-Off Cleaning
https://smurfettescleaningservice.net/one-off-cleaning-services-pickering-brook/,One-Off Cleaning
https://smurfettescleaningservice.net/one-off-cleaning-services-piesse-brook/,One-Off Cleaning
https://smurfettescleaningservice.net/one-off-cleaning-services-walliston/,One-Off Cleaning
https://smurfettescleaningservice.net/one-off-cleaning-services-wattle-grove/,One-Off Cleaning
https://smurfettescleaningservice.net/one-off-cleaning-services-anketell/,One-Off Cleaning
https://smurfettescleaningservice.net/one-off-cleaning-services-bertram/,One-Off Cleaning
https://smurfettescleaningservice.net/one-off-cleaning-services-calista/,One-Off Cleaning
https://smurfettescleaningservice.net/one-off-cleaning-services-casuarina/,One-Off Cleaning
https://smurfettescleaningservice.net/one-off-cleaning-services-hope-valley/,One-Off Cleaning
https://smurfettescleaningservice.net/one-off-cleaning-services-leda/,One-Off Cleaning
https://smurfettescleaningservice.net/one-off-cleaning-services-mandogalup/,One-Off Cleaning
https://smurfettescleaningservice.net/one-off-cleaning-services-medina/,One-Off Cleaning
https://smurfettescleaningservice.net/one-off-cleaning-services-orelia/,One-Off Cleaning
https://smurfettescleaningservice.net/one-off-cleaning-services-parmelia/,One-Off Cleaning
https://smurfettescleaningservice.net/one-off-cleaning-services-postans/,One-Off Cleaning
https://smurfettescleaningservice.net/one-off-cleaning-services-the-spectacles/,One-Off Cleaning
https://smurfettescleaningservice.net/one-off-cleaning-services-naval-base/,One-Off Cleaning
https://smurfettescleaningservice.net/one-off-cleaning-services-wandi/,One-Off Cleaning
https://smurfettescleaningservice.net/one-off-cleaning-services-wellard/,One-Off Cleaning
https://smurfettescleaningservice.net/one-off-cleaning-services-bouvard/,One-Off Cleaning
https://smurfettescleaningservice.net/one-off-cleaning-services-coodanup/,One-Off Cleaning
https://smurfettescleaningservice.net/one-off-cleaning-services-dudley-park/,One-Off Cleaning
https://smurfettescleaningservice.net/one-off-cleaning-services-erskine/,One-Off Cleaning
https://smurfettescleaningservice.net/one-off-cleaning-services-falcon/,One-Off Cleaning
https://smurfettescleaningservice.net/one-off-cleaning-services-dawesville/,One-Off Cleaning
https://smurfettescleaningservice.net/one-off-cleaning-services-greenfields/,One-Off Cleaning
https://smurfettescleaningservice.net/one-off-cleaning-services-golden-bay/,One-Off Cleaning
https://smurfettescleaningservice.net/one-off-cleaning-services-san-remo/,One-Off Cleaning
https://smurfettescleaningservice.net/one-off-cleaning-services-silver-sands/,One-Off Cleaning
https://smurfettescleaningservice.net/one-off-cleaning-services-wannanup/,One-Off Cleaning
https://smurfettescleaningservice.net/office-cleaning-in-yanchep/,Office Cleaning
https://smurfettescleaningservice.net/office-cleaning-in-wanneroo/,Office Cleaning
https://smurfettescleaningservice.net/office-cleaning-in-wangara/,Office Cleaning
https://smurfettescleaningservice.net/office-cleaning-in-two-rocks/,Office Cleaning
https://smurfettescleaningservice.net/office-cleaning-in-tapping/,Office Cleaning
https://smurfettescleaningservice.net/office-cleaning-in-tamala-park/,Office Cleaning
https://smurfettescleaningservice.net/office-cleaning-in-sinagra/,Office Cleaning
https://smurfettescleaningservice.net/office-cleaning-in-ridgewood/,Office Cleaning
https://smurfettescleaningservice.net/office-cleaning-in-quinns-rocks/,Office Cleaning
https://smurfettescleaningservice.net/office-cleaning-in-pinjar/,Office Cleaning
https://smurfettescleaningservice.net/office-cleaning-in-pearsall/,Office Cleaning
https://smurfettescleaningservice.net/office-cleaning-in-nowergup/,Office Cleaning
https://smurfettescleaningservice.net/office-cleaning-in-neerabup/,Office Cleaning
https://smurfettescleaningservice.net/office-cleaning-in-mindarie/,Office Cleaning
https://smurfettescleaningservice.net/office-cleaning-in-merriwa/,Office Cleaning
https://smurfettescleaningservice.net/office-cleaning-in-mariginiup/,Office Cleaning
https://smurfettescleaningservice.net/office-cleaning-in-marangaroo/,Office Cleaning
https://smurfettescleaningservice.net/office-cleaning-in-madeley/,Office Cleaning
https://smurfettescleaningservice.net/office-cleaning-in-landsdale/,Office Cleaning
https://smurfettescleaningservice.net/office-cleaning-in-koondoola/,Office Cleaning
https://smurfettescleaningservice.net/office-cleaning-in-jindalee/,Office Cleaning
https://smurfettescleaningservice.net/office-cleaning-in-jandabup/,Office Cleaning
https://smurfettescleaningservice.net/office-cleaning-in-hocking/,Office Cleaning
https://smurfettescleaningservice.net/office-cleaning-in-gnangara/,Office Cleaning
https://smurfettescleaningservice.net/office-cleaning-in-girrawheen/,Office Cleaning
https://smurfettescleaningservice.net/office-cleaning-in-eglinton/,Office Cleaning
https://smurfettescleaningservice.net/office-cleaning-in-darch/,Office Cleaning
https://smurfettescleaningservice.net/office-cleaning-in-clarkson/,Office Cleaning
https://smurfettescleaningservice.net/office-cleaning-in-carramar/,Office Cleaning
https://smurfettescleaningservice.net/office-cleaning-in-carabooda/,Office Cleaning
https://smurfettescleaningservice.net/office-cleaning-in-butler/,Office Cleaning
https://smurfettescleaningservice.net/office-cleaning-in-banksia-grove/,Office Cleaning
https://smurfettescleaningservice.net/office-cleaning-in-ashby/,Office Cleaning
https://smurfettescleaningservice.net/office-cleaning-in-alkimos/,Office Cleaning
https://smurfettescleaningservice.net/office-cleaning-in-alexander-heights/,Office Cleaning
https://smurfettescleaningservice.net/office-cleaning-in-vincent/,Office Cleaning
https://smurfettescleaningservice.net/office-cleaning-in-north-perth/,Office Cleaning
https://smurfettescleaningservice.net/office-cleaning-in-mt-hawthorn/,Office Cleaning
https://smurfettescleaningservice.net/office-cleaning-in-leederville/,Office Cleaning
https://smurfettescleaningservice.net/office-cleaning-in-highgate/,Office Cleaning
https://smurfettescleaningservice.net/office-cleaning-in-victoria-park/,Office Cleaning
https://smurfettescleaningservice.net/office-cleaning-in-st-james/,Office Cleaning
https://smurfettescleaningservice.net/office-cleaning-in-lathlain/,Office Cleaning
https://smurfettescleaningservice.net/office-cleaning-in-east-victoria-park/,Office Cleaning
https://smurfettescleaningservice.net/office-cleaning-in-carlisle/,Office Cleaning
https://smurfettescleaningservice.net/office-cleaning-in-burswood/,Office Cleaning
https://smurfettescleaningservice.net/office-cleaning-in-woodbridge/,Office Cleaning
https://smurfettescleaningservice.net/office-cleaning-in-whiteman/,Office Cleaning
https://smurfettescleaningservice.net/office-cleaning-in-west-swan/,Office Cleaning
https://smurfettescleaningservice.net/office-cleaning-in-viveash/,Office Cleaning
https://smurfettescleaningservice.net/office-cleaning-in-valley-ridge/,Office Cleaning
https://smurfettescleaningservice.net/office-cleaning-in-upper-swan/,Office Cleaning
https://smurfettescleaningservice.net/office-cleaning-in-the-vines/,Office Cleaning
https://smurfettescleaningservice.net/office-cleaning-in-stratton/,Office Cleaning
https://smurfettescleaningservice.net/office-cleaning-in-south-guildford/,Office Cleaning
https://smurfettescleaningservice.net/office-cleaning-in-red-hill/,Office Cleaning
https://smurfettescleaningservice.net/office-cleaning-in-millendon/,Office Cleaning
https://smurfettescleaningservice.net/office-cleaning-in-midvale/,Office Cleaning
https://smurfettescleaningservice.net/office-cleaning-in-midland/,Office Cleaning
https://smurfettescleaningservice.net/office-cleaning-in-middle-swan/,Office Cleaning
https://smurfettescleaningservice.net/office-cleaning-in-melaleuca/,Office Cleaning
https://smurfettescleaningservice.net/office-cleaning-in-malaga/,Office Cleaning
https://smurfettescleaningservice.net/office-cleaning-in-lockridge/,Office Cleaning
https://smurfettescleaningservice.net/office-cleaning-in-lexia/,Office Cleaning
https://smurfettescleaningservice.net/office-cleaning-in-koongamia/,Office Cleaning
https://smurfettescleaningservice.net/office-cleaning-in-kiara/,Office Cleaning
https://smurfettescleaningservice.net/office-cleaning-in-jane-brook/,Office Cleaning
https://smurfettescleaningservice.net/office-cleaning-in-herne-hill/,Office Cleaning
https://smurfettescleaningservice.net/office-cleaning-in-henley-brook/,Office Cleaning
https://smurfettescleaningservice.net/office-cleaning-in-hazelmere/,Office Cleaning
https://smurfettescleaningservice.net/office-cleaning-in-guildford/,Office Cleaning
https://smurfettescleaningservice.net/office-cleaning-in-gidgegannup/,Office Cleaning
https://smurfettescleaningservice.net/office-cleaning-in-ellenbrook/,Office Cleaning
https://smurfettescleaningservice.net/office-cleaning-in-dayton/,Office Cleaning
https://smurfettescleaningservice.net/office-cleaning-in-cullacabardee/,Office Cleaning
https://smurfettescleaningservice.net/office-cleaning-in-caversham/,Office Cleaning
https://smurfettescleaningservice.net/office-cleaning-in-bullsbrook/,Office Cleaning
https://smurfettescleaningservice.net/office-cleaning-in-brigadoon/,Office Cleaning
https://smurfettescleaningservice.net/office-cleaning-in-brabham/,Office Cleaning
https://smurfettescleaningservice.net/office-cleaning-in-bennett-springs/,Office Cleaning
https://smurfettescleaningservice.net/office-cleaning-in-bellevue/,Office Cleaning
https://smurfettescleaningservice.net/office-cleaning-in-belhus/,Office Cleaning
https://smurfettescleaningservice.net/office-cleaning-in-beechborro/,Office Cleaning
https://smurfettescleaningservice.net/office-cleaning-in-baskerville/,Office Cleaning
https://smurfettescleaningservice.net/office-cleaning-in-ballajura/,Office Cleaning
https://smurfettescleaningservice.net/office-cleaning-aveley/,Office Cleaning
https://smurfettescleaningservice.net/office-cleaning-in-subiaco/,Office Cleaning
https://smurfettescleaningservice.net/office-cleaning-in-shenton-park/,Office Cleaning
https://smurfettescleaningservice.net/office-cleaning-in-jolimont/,Office Cleaning
https://smurfettescleaningservice.net/office-cleaning-in-crawley/,Office Cleaning
https://smurfettescleaningservice.net/office-cleaning-in-yokine/,Office Cleaning
https://smurfettescleaningservice.net/office-cleaning-in-woodlands/,Office Cleaning
https://smurfettescleaningservice.net/office-cleaning-in-westminster/,Office Cleaning
https://smurfettescleaningservice.net/office-cleaning-in-wembley-downs/,Office Cleaning
https://smurfettescleaningservice.net/office-cleaning-in-watermans-bay/,Office Cleaning
https://smurfettescleaningservice.net/office-cleaning-in-stirling/,Office Cleaning
https://smurfettescleaningservice.net/office-cleaning-in-scarborough/,Office Cleaning
https://smurfettescleaningservice.net/office-cleaning-in-osborne-park/,Office Cleaning
https://smurfettescleaningservice.net/office-cleaning-in-north-beach/,Office Cleaning
https://smurfettescleaningservice.net/office-cleaning-in-nollamara/,Office Cleaning
https://smurfettescleaningservice.net/office-cleaning-in-mt-lawley/,Office Cleaning
https://smurfettescleaningservice.net/office-cleaning-in-mirrabooka/,Office Cleaning
https://smurfettescleaningservice.net/office-cleaning-in-menora/,Office Cleaning
https://smurfettescleaningservice.net/office-cleaning-in-karrinyup/,Office Cleaning
https://smurfettescleaningservice.net/office-cleaning-in-joondanna/,Office Cleaning
https://smurfettescleaningservice.net/office-cleaning-in-innaloo/,Office Cleaning
https://smurfettescleaningservice.net/office-cleaning-in-inglewood/,Office Cleaning
https://smurfettescleaningservice.net/office-cleaning-in-herdsman/,Office Cleaning
https://smurfettescleaningservice.net/office-cleaning-in-hamersley/,Office Cleaning
https://smurfettescleaningservice.net/office-cleaning-in-gwelup/,Office Cleaning
https://smurfettescleaningservice.net/office-cleaning-in-glendalough/,Office Cleaning
https://smurfettescleaningservice.net/office-cleaning-in-doubleview/,Office Cleaning
https://smurfettescleaningservice.net/office-cleaning-in-coolbinia/,Office Cleaning
https://smurfettescleaningservice.net/office-cleaning-in-churchlands/,Office Cleaning
https://smurfettescleaningservice.net/office-cleaning-in-carine/,Office Cleaning
https://smurfettescleaningservice.net/office-cleaning-in-balga/,Office Cleaning
https://smurfettescleaningservice.net/office-cleaning-in-balcatta/,Office Cleaning
https://smurfettescleaningservice.net/office-cleaning-in-waterford/,Office Cleaning
https://smurfettescleaningservice.net/office-cleaning-in-salter-point/,Office Cleaning
https://smurfettescleaningservice.net/office-cleaning-in-manning/,Office Cleaning
https://smurfettescleaningservice.net/office-cleaning-in-kensington/,Office Cleaning
https://smurfettescleaningservice.net/office-cleaning-in-karawara/,Office Cleaning
https://smurfettescleaningservice.net/office-cleaning-in-como/,Office Cleaning
https://smurfettescleaningservice.net/office-cleaning-in-south-perth/,Office Cleaning
https://smurfettescleaningservice.net/office-cleaning-in-byford/,Office Cleaning
https://smurfettescleaningservice.net/office-cleaning-in-warnbro/,Office Cleaning
https://smurfettescleaningservice.net/office-cleaning-in-waikiki/,Office Cleaning
https://smurfettescleaningservice.net/office-cleaning-in-singleton/,Office Cleaning
https://smurfettescleaningservice.net/office-cleaning-in-shoalwater/,Office Cleaning
https://smurfettescleaningservice.net/office-cleaning-in-secret-harbour/,Office Cleaning
https://smurfettescleaningservice.net/office-cleaning-in-safety-bay/,Office Cleaning
https://smurfettescleaningservice.net/office-cleaning-in-port-kennedy/,Office Cleaning
https://smurfettescleaningservice.net/office-cleaning-in-peron/,Office Cleaning
https://smurfettescleaningservice.net/office-cleaning-in-karnup/,Office Cleaning
https://smurfettescleaningservice.net/office-cleaning-in-hillman/,Office Cleaning
https://smurfettescleaningservice.net/office-cleaning-in-golden-bay/,Office Cleaning
https://smurfettescleaningservice.net/office-cleaning-in-east-rockingham/,Office Cleaning
https://smurfettescleaningservice.net/office-cleaning-in-cooloongup/,Office Cleaning
https://smurfettescleaningservice.net/office-cleaning-in-baldivis/,Office Cleaning
https://smurfettescleaningservice.net/office-cleaning-in-rockingham/,Office Cleaning
https://smurfettescleaningservice.net/office-cleaning-in-west-perth/,Office Cleaning
https://smurfettescleaningservice.net/office-cleaning-in-northbridge/,Office Cleaning
https://smurfettescleaningservice.net/office-cleaning-in-kings-park/,Office Cleaning
https://smurfettescleaningservice.net/office-cleaning-in-east-perth/,Office Cleaning
https://smurfettescleaningservice.net/office-cleaning-in-perth/,Office Cleaning
https://smurfettescleaningservice.net/office-cleaning-in-peppermint-grove/,Office Cleaning
https://smurfettescleaningservice.net/office-cleaning-in-swan-view/,Office Cleaning
https://smurfettescleaningservice.net/office-cleaning-in-mossman-park/,Office Cleaning
https://smurfettescleaningservice.net/office-cleaning-in-winthrop/,Office Cleaning
https://smurfettescleaningservice.net/office-cleaning-in-willagee/,Office Cleaning
https://smurfettescleaningservice.net/office-cleaning-in-palmyra/,Office Cleaning
https://smurfettescleaningservice.net/office-cleaning-in-myaree/,Office Cleaning
https://smurfettescleaningservice.net/office-cleaning-in-murdoch/,Office Cleaning
https://smurfettescleaningservice.net/office-cleaning-in-mt-pleasant/,Office Cleaning
https://smurfettescleaningservice.net/office-cleaning-in-melville/,Office Cleaning
https://smurfettescleaningservice.net/office-cleaning-in-leeming/,Office Cleaning
https://smurfettescleaningservice.net/office-cleaning-in-furnissdale/,Office Cleaning
https://smurfettescleaningservice.net/office-cleaning-in-kardinya/,Office Cleaning
https://smurfettescleaningservice.net/office-cleaning-in-bull-creek/,Office Cleaning
https://smurfettescleaningservice.net/office-cleaning-in-brentwood/,Office Cleaning
https://smurfettescleaningservice.net/office-cleaning-in-booragoon/,Office Cleaning
https://smurfettescleaningservice.net/office-cleaning-in-bicton/,Office Cleaning
https://smurfettescleaningservice.net/office-cleaning-in-bateman/,Office Cleaning
https://smurfettescleaningservice.net/office-cleaning-in-attadale/,Office Cleaning
https://smurfettescleaningservice.net/office-cleaning-in-ardross/,Office Cleaning
https://smurfettescleaningservice.net/office-cleaning-in-applecross/,Office Cleaning
https://smurfettescleaningservice.net/office-cleaning-in-alfred-cove/,Office Cleaning
https://smurfettescleaningservice.net/office-cleaning-in-pinjarra/,Office Cleaning
https://smurfettescleaningservice.net/office-cleaning-in-ravenswood/,Office Cleaning
https://smurfettescleaningservice.net/office-cleaning-in-north-yunderup/,Office Cleaning
https://smurfettescleaningservice.net/office-cleaning-in-south-yunderup/,Office Cleaning
https://smurfettescleaningservice.net/office-cleaning-in-barragup/,Office Cleaning
https://smurfettescleaningservice.net/office-cleaning-in-wannanup/,Office Cleaning
https://smurfettescleaningservice.net/office-cleaning-in-silver-sands/,Office Cleaning
https://smurfettescleaningservice.net/office-cleaning-in-san-remo/,Office Cleaning
https://smurfettescleaningservice.net/office-cleaning-in-madora-bay/,Office Cleaning
https://smurfettescleaningservice.net/office-cleaning-in-meadow-springs/,Office Cleaning
https://smurfettescleaningservice.net/office-cleaning-in-lakelands/,Office Cleaning
https://smurfettescleaningservice.net/office-cleaning-in-greenfields/,Office Cleaning
https://smurfettescleaningservice.net/office-cleaning-in-halls-head/,Office Cleaning
https://smurfettescleaningservice.net/office-cleaning-in-falcon/,Office Cleaning
https://smurfettescleaningservice.net/office-cleaning-in-erskine/,Office Cleaning
https://smurfettescleaningservice.net/office-cleaning-in-dawesville/,Office Cleaning
https://smurfettescleaningservice.net/office-cleaning-in-dudley-park/,Office Cleaning
https://smurfettescleaningservice.net/office-cleaning-in-coodanup/,Office Cleaning
https://smurfettescleaningservice.net/office-cleaning-in-bouvard/,Office Cleaning
https://smurfettescleaningservice.net/office-cleaning-in-mandurah/,Office Cleaning
https://smurfettescleaningservice.net/office-cleaning-in-wandi/,Office Cleaning
https://smurfettescleaningservice.net/office-cleaning-in-naval-base/,Office Cleaning
https://smurfettescleaningservice.net/office-cleaning-in-the-spectacles/,Office Cleaning
https://smurfettescleaningservice.net/office-cleaning-in-postans/,Office Cleaning
https://smurfettescleaningservice.net/office-cleaning-in-parmelia/,Office Cleaning
https://smurfettescleaningservice.net/office-cleaning-in-kalamunda/,Office Cleaning
https://smurfettescleaningservice.net/office-cleaning-in-orelia/,Office Cleaning
https://smurfettescleaningservice.net/office-cleaning-in-medina/,Office Cleaning
https://smurfettescleaningservice.net/office-cleaning-in-mandogalup/,Office Cleaning
https://smurfettescleaningservice.net/office-cleaning-in-leda/,Office Cleaning
https://smurfettescleaningservice.net/office-cleaning-in-kwinana/,Office Cleaning
https://smurfettescleaningservice.net/office-cleaning-in-hope-valley/,Office Cleaning
https://smurfettescleaningservice.net/office-cleaning-in-casuarina/,Office Cleaning
https://smurfettescleaningservice.net/office-cleaning-in-calista/,Office Cleaning
https://smurfettescleaningservice.net/office-cleaning-in-bertram/,Office Cleaning
https://smurfettescleaningservice.net/office-cleaning-in-anketell/,Office Cleaning
https://smurfettescleaningservice.net/office-cleaning-in-wattle-grove/,Office Cleaning
https://smurfettescleaningservice.net/office-cleaning-in-walliston/,Office Cleaning
https://smurfettescleaningservice.net/office-cleaning-in-piesse-brook/,Office Cleaning
https://smurfettescleaningservice.net/office-cleaning-in-pickering-brook/,Office Cleaning
https://smurfettescleaningservice.net/office-cleaning-in-paulls-valley/,Office Cleaning
https://smurfettescleaningservice.net/office-cleaning-in-maida-vale/,Office Cleaning
https://smurfettescleaningservice.net/office-cleaning-in-lesmurdie/,Office Cleaning
https://smurfettescleaningservice.net/office-cleaning-in-high-wycombe/,Office Cleaning
https://smurfettescleaningservice.net/office-cleaning-in-hacketts-gully/,Office Cleaning
https://smurfettescleaningservice.net/office-cleaning-in-gooseberry-hill/,Office Cleaning
https://smurfettescleaningservice.net/office-cleaning-in-forrestfield/,Office Cleaning
https://smurfettescleaningservice.net/office-cleaning-in-carmel/,Office Cleaning
https://smurfettescleaningservice.net/office-cleaning-in-canning-mills/,Office Cleaning
https://smurfettescleaningservice.net/office-cleaning-in-bickley/,Office Cleaning
https://smurfettescleaningservice.net/office-cleaning-in-woodvale/,Office Cleaning
https://smurfettescleaningservice.net/office-cleaning-in-warwick/,Office Cleaning
https://smurfettescleaningservice.net/office-cleaning-in-sorrento/,Office Cleaning
https://smurfettescleaningservice.net/office-cleaning-in-padbury/,Office Cleaning
https://smurfettescleaningservice.net/office-cleaning-in-ocean-reef/,Office Cleaning
https://smurfettescleaningservice.net/office-cleaning-in-mullaloo/,Office Cleaning
https://smurfettescleaningservice.net/office-cleaning-in-marmion/,Office Cleaning
https://smurfettescleaningservice.net/office-cleaning-in-kinross/,Office Cleaning
https://smurfettescleaningservice.net/office-cleaning-in-kingsley/,Office Cleaning
https://smurfettescleaningservice.net/office-cleaning-in-kallaroo/,Office Cleaning
https://smurfettescleaningservice.net/office-cleaning-in-joondalup/,Office Cleaning
https://smurfettescleaningservice.net/office-cleaning-in-iluka/,Office Cleaning
https://smurfettescleaningservice.net/office-cleaning-in-hillarys/,Office Cleaning
https://smurfettescleaningservice.net/office-cleaning-in-heathridge/,Office Cleaning
https://smurfettescleaningservice.net/office-cleaning-in-greenwood/,Office Cleaning
https://smurfettescleaningservice.net/office-cleaning-in-edgewater/,Office Cleaning
https://smurfettescleaningservice.net/office-cleaning-in-duncraig/,Office Cleaning
https://smurfettescleaningservice.net/office-cleaning-in-currambine/,Office Cleaning
https://smurfettescleaningservice.net/office-cleaning-in-craigie/,Office Cleaning
https://smurfettescleaningservice.net/office-cleaning-in-connolly/,Office Cleaning
https://smurfettescleaningservice.net/office-cleaning-in-burns-beach/,Office Cleaning
https://smurfettescleaningservice.net/office-cleaning-in-beldon/,Office Cleaning
https://smurfettescleaningservice.net/office-cleaning-in-thornlie/,Office Cleaning
https://smurfettescleaningservice.net/office-cleaning-in-southern-river/,Office Cleaning
https://smurfettescleaningservice.net/office-cleaning-in-orange-grove/,Office Cleaning
https://smurfettescleaningservice.net/office-cleaning-in-martin/,Office Cleaning
https://smurfettescleaningservice.net/office-cleaning-in-maddington/,Office Cleaning
https://smurfettescleaningservice.net/office-cleaning-in-langford/,Office Cleaning
https://smurfettescleaningservice.net/office-cleaning-in-kenwick/,Office Cleaning
https://smurfettescleaningservice.net/office-cleaning-in-huntingdale/,Office Cleaning
https://smurfettescleaningservice.net/office-cleaning-in-gosnells/,Office Cleaning
https://smurfettescleaningservice.net/office-cleaning-in-beckenham/,Office Cleaning
https://smurfettescleaningservice.net/office-cleaning-in-white-gum-valley/,Office Cleaning
https://smurfettescleaningservice.net/office-cleaning-in-south-fremantle/,Office Cleaning
https://smurfettescleaningservice.net/office-cleaning-in-samson/,Office Cleaning
https://smurfettescleaningservice.net/office-cleaning-in-oconnor/,Office Cleaning
https://smurfettescleaningservice.net/office-cleaning-in-north-fremantle/,Office Cleaning
https://smurfettescleaningservice.net/office-cleaning-in-hilton/,Office Cleaning
https://smurfettescleaningservice.net/office-cleaning-in-fremantle/,Office Cleaning
https://smurfettescleaningservice.net/office-cleaning-in-beaconsfield/,Office Cleaning
https://smurfettescleaningservice.net/office-cleaning-in-east-fremantle/,Office Cleaning
https://smurfettescleaningservice.net/office-cleaning-in-cottesloe/,Office Cleaning
https://smurfettescleaningservice.net/office-cleaning-in-yangebup/,Office Cleaning
https://smurfettescleaningservice.net/office-cleaning-in-wattleup/,Office Cleaning
https://smurfettescleaningservice.net/office-cleaning-in-success/,Office Cleaning
https://smurfettescleaningservice.net/office-cleaning-in-spearwood/,Office Cleaning
https://smurfettescleaningservice.net/office-cleaning-in-south-lake/,Office Cleaning
https://smurfettescleaningservice.net/office-cleaning-in-claremont/,Office Cleaning
https://smurfettescleaningservice.net/office-cleaning-in-redcliffe/,Office Cleaning
https://smurfettescleaningservice.net/office-cleaning-in-rivervale/,Office Cleaning
https://smurfettescleaningservice.net/office-cleaning-in-roleystone/,Office Cleaning
https://smurfettescleaningservice.net/office-cleaning-in-seville-grove/,Office Cleaning
https://smurfettescleaningservice.net/office-cleaning-in-ascot/,Office Cleaning
https://smurfettescleaningservice.net/office-cleaning-in-ashendon/,Office Cleaning
https://smurfettescleaningservice.net/office-cleaning-in-ashfield/,Office Cleaning
https://smurfettescleaningservice.net/office-cleaning-in-bassendean/,Office Cleaning
https://smurfettescleaningservice.net/office-cleaning-in-bedford/,Office Cleaning
https://smurfettescleaningservice.net/office-cleaning-in-bedfordale/,Office Cleaning
https://smurfettescleaningservice.net/office-cleaning-in-belmont/,Office Cleaning
https://smurfettescleaningservice.net/office-cleaning-in-brookdale/,Office Cleaning
https://smurfettescleaningservice.net/office-cleaning-in-camillo/,Office Cleaning
https://smurfettescleaningservice.net/office-cleaning-in-champion-lakes/,Office Cleaning
https://smurfettescleaningservice.net/office-cleaning-in-cloverdale/,Office Cleaning
https://smurfettescleaningservice.net/office-cleaning-in-dianella/,Office Cleaning
https://smurfettescleaningservice.net/office-cleaning-in-eden-hill/,Office Cleaning
https://smurfettescleaningservice.net/office-cleaning-in-embleton/,Office Cleaning
https://smurfettescleaningservice.net/office-cleaning-in-forrestdale/,Office Cleaning
https://smurfettescleaningservice.net/office-cleaning-in-glen-iris/,Office Cleaning
https://smurfettescleaningservice.net/office-cleaning-in-harrisdale/,Office Cleaning
https://smurfettescleaningservice.net/office-cleaning-in-haynes/,Office Cleaning
https://smurfettescleaningservice.net/office-cleaning-in-hilbert/,Office Cleaning
https://smurfettescleaningservice.net/office-cleaning-in-karragullen/,Office Cleaning
https://smurfettescleaningservice.net/office-cleaning-in-kelmscott/,Office Cleaning
https://smurfettescleaningservice.net/office-cleaning-in-kewdale/,Office Cleaning
https://smurfettescleaningservice.net/office-cleaning-in-maylands/,Office Cleaning
https://smurfettescleaningservice.net/office-cleaning-in-morley/,Office Cleaning
https://smurfettescleaningservice.net/office-cleaning-in-mt-nasura/,Office Cleaning
https://smurfettescleaningservice.net/office-cleaning-in-mt-richon/,Office Cleaning
https://smurfettescleaningservice.net/office-cleaning-in-mt-nasura/,Office Cleaning
https://smurfettescleaningservice.net/office-cleaning-in-mt-richon/,Office Cleaning
https://smurfettescleaningservice.net/office-cleaning-in-noranda/,Office Cleaning
https://smurfettescleaningservice.net/office-cleaning-in-perth-airport/,Office Cleaning
https://smurfettescleaningservice.net/office-cleaning-in-pelican-point/,Office Cleaning
https://smurfettescleaningservice.net/office-cleaning-in-piara-waters/,Office Cleaning
https://smurfettescleaningservice.net/office-cleaning-in-picton/,Office Cleaning
https://smurfettescleaningservice.net/office-cleaning-in-armadale/,Office Cleaning
https://smurfettescleaningservice.net/office-cleaning-in-north-lake/,Office Cleaning
https://smurfettescleaningservice.net/office-cleaning-in-munster/,Office Cleaning
https://smurfettescleaningservice.net/office-cleaning-in-jandakot/,Office Cleaning
https://smurfettescleaningservice.net/office-cleaning-in-henderson/,Office Cleaning
https://smurfettescleaningservice.net/office-cleaning-in-hammond-hill/,Office Cleaning
https://smurfettescleaningservice.net/office-cleaning-in-hamilton-hill/,Office Cleaning
https://smurfettescleaningservice.net/office-cleaning-in-coolbellup/,Office Cleaning
https://smurfettescleaningservice.net/office-cleaning-in-coogee/,Office Cleaning
https://smurfettescleaningservice.net/office-cleaning-in-bibra-lake/,Office Cleaning
https://smurfettescleaningservice.net/office-cleaning-in-beeliar/,Office Cleaning
https://smurfettescleaningservice.net/office-cleaning-in-banjup/,Office Cleaning
https://smurfettescleaningservice.net/office-cleaning-in-aubin-grove/,Office Cleaning
https://smurfettescleaningservice.net/office-cleaning-in-atwell/,Office Cleaning
https://smurfettescleaningservice.net/office-cleaning-in-cockburn-central/,Office Cleaning
https://smurfettescleaningservice.net/office-cleaning-in-swanbourne/,Office Cleaning
https://smurfettescleaningservice.net/office-cleaning-in-wilson/,Office Cleaning
https://smurfettescleaningservice.net/office-cleaning-in-willeton/,Office Cleaning
https://smurfettescleaningservice.net/office-cleaning-in-welshpool/,Office Cleaning
https://smurfettescleaningservice.net/office-cleaning-in-shelley/,Office Cleaning
https://smurfettescleaningservice.net/office-cleaning-in-rossmoyne/,Office Cleaning
https://smurfettescleaningservice.net/office-cleaning-in-riverton/,Office Cleaning
https://smurfettescleaningservice.net/office-cleaning-in-queens-park/,Office Cleaning
https://smurfettescleaningservice.net/office-cleaning-in-parkwood/,Office Cleaning
https://smurfettescleaningservice.net/office-cleaning-in-lynwood/,Office Cleaning
https://smurfettescleaningservice.net/office-cleaning-in-ferndale/,Office Cleaning
https://smurfettescleaningservice.net/office-cleaning-in-east-cannington/,Office Cleaning
https://smurfettescleaningservice.net/office-cleaning-in-canning-vale/,Office Cleaning
https://smurfettescleaningservice.net/office-cleaning-in-cannington/,Office Cleaning
https://smurfettescleaningservice.net/office-cleaning-in-bentley/,Office Cleaning
https://smurfettescleaningservice.net/office-cleaning-in-west-leederville/,Office Cleaning
https://smurfettescleaningservice.net/office-cleaning-in-wembley/,Office Cleaning
https://smurfettescleaningservice.net/office-cleaning-in-floreat/,Office Cleaning
https://smurfettescleaningservice.net/office-cleaning-in-daglish/,Office Cleaning
https://smurfettescleaningservice.net/office-cleaning-in-city-beach/,Office Cleaning
https://smurfettescleaningservice.net/office-cleaning-in-cambridge/,Office Cleaning
https://smurfettescleaningservice.net/office-cleaning-in-bayswater/,Office Cleaning
https://smurfettescleaningservice.net/office-cleaning-in-wungong/,Office Cleaning
https://smurfettescleaningservice.net/office-cleaning-in-withers/,Office Cleaning
https://smurfettescleaningservice.net/office-cleaning-in-vittoria/,Office Cleaning
https://smurfettescleaningservice.net/office-cleaning-in-usher/,Office Cleaning
https://smurfettescleaningservice.net/office-cleaning-in-south-bunbury/,Office Cleaning
https://smurfettescleaningservice.net/office-cleaning-in-east-bunbury/,Office Cleaning
https://smurfettescleaningservice.net/office-cleaning-in-college-grove/,Office Cleaning
https://smurfettescleaningservice.net/office-cleaning-in-carey-park/,Office Cleaning
https://smurfettescleaningservice.net/office-cleaning-in-bunbury/,Office Cleaning
https://smurfettescleaningservice.net/cleaning-service-two-rocks/,Generic Cleaning Service
https://smurfettescleaningservice.net/cleaning-service-tapping/,Generic Cleaning Service
https://smurfettescleaningservice.net/cleaning-service-wangara/,Generic Cleaning Service
https://smurfettescleaningservice.net/cleaning-service-balcatta/,Generic Cleaning Service
https://smurfettescleaningservice.net/cleaning-service-balga/,Generic Cleaning Service
https://smurfettescleaningservice.net/cleaning-service-carine/,Generic Cleaning Service
https://smurfettescleaningservice.net/cleaning-service-churchlands/,Generic Cleaning Service
https://smurfettescleaningservice.net/cleaning-service-coolbinia/,Generic Cleaning Service
https://smurfettescleaningservice.net/cleaning-service-doubleview/,Generic Cleaning Service
https://smurfettescleaningservice.net/cleaning-service-glendalough/,Generic Cleaning Service
https://smurfettescleaningservice.net/cleaning-service-gwelup/,Generic Cleaning Service
https://smurfettescleaningservice.net/cleaning-service-hamersley/,Generic Cleaning Service
https://smurfettescleaningservice.net/cleaning-service-herdsman/,Generic Cleaning Service
https://smurfettescleaningservice.net/cleaning-service-inglewood/,Generic Cleaning Service
https://smurfettescleaningservice.net/cleaning-service-innaloo/,Generic Cleaning Service
https://smurfettescleaningservice.net/cleaning-service-joondanna/,Generic Cleaning Service
https://smurfettescleaningservice.net/cleaning-service-karrinyup/,Generic Cleaning Service
https://smurfettescleaningservice.net/cleaning-service-menora/,Generic Cleaning Service
https://smurfettescleaningservice.net/cleaning-service-mirrabooka/,Generic Cleaning Service
https://smurfettescleaningservice.net/cleaning-service-mt-lawley/,Generic Cleaning Service
https://smurfettescleaningservice.net/cleaning-service-nollamara/,Generic Cleaning Service
https://smurfettescleaningservice.net/cleaning-service-north-beach/,Generic Cleaning Service
https://smurfettescleaningservice.net/cleaning-service-osborne-park/,Generic Cleaning Service
https://smurfettescleaningservice.net/cleaning-service-scarborough/,Generic Cleaning Service
https://smurfettescleaningservice.net/cleaning-service-trigg/,Generic Cleaning Service
https://smurfettescleaningservice.net/cleaning-service-tuart-hill/,Generic Cleaning Service
https://smurfettescleaningservice.net/cleaning-service-watermans-bay/,Generic Cleaning Service
https://smurfettescleaningservice.net/cleaning-service-wembley-downs/,Generic Cleaning Service
https://smurfettescleaningservice.net/cleaning-service-westminster/,Generic Cleaning Service
https://smurfettescleaningservice.net/cleaning-service-woodlands/,Generic Cleaning Service
https://smurfettescleaningservice.net/cleaning-service-yokine/,Generic Cleaning Service
https://smurfettescleaningservice.net/cleaning-service-aveley/,Generic Cleaning Service
https://smurfettescleaningservice.net/cleaning-service-ballajura/,Generic Cleaning Service
https://smurfettescleaningservice.net/cleaning-service-baskerville/,Generic Cleaning Service
https://smurfettescleaningservice.net/cleaning-service-beechboro/,Generic Cleaning Service
https://smurfettescleaningservice.net/cleaning-service-belhus/,Generic Cleaning Service
https://smurfettescleaningservice.net/cleaning-service-bellevue/,Generic Cleaning Service
https://smurfettescleaningservice.net/cleaning-service-bennett-springs/,Generic Cleaning Service
https://smurfettescleaningservice.net/cleaning-service-brabham/,Generic Cleaning Service
https://smurfettescleaningservice.net/cleaning-service-brigadoon/,Generic Cleaning Service
https://smurfettescleaningservice.net/cleaning-service-bullsbrook/,Generic Cleaning Service
https://smurfettescleaningservice.net/cleaning-service-caversham/,Generic Cleaning Service
https://smurfettescleaningservice.net/cleaning-service-cullacabardee/,Generic Cleaning Service
https://smurfettescleaningservice.net/cleaning-service-dayton/,Generic Cleaning Service
https://smurfettescleaningservice.net/cleaning-service-ellenbrook/,Generic Cleaning Service
https://smurfettescleaningservice.net/cleaning-service-gidgegannup/,Generic Cleaning Service
https://smurfettescleaningservice.net/cleaning-service-guildford/,Generic Cleaning Service
https://smurfettescleaningservice.net/cleaning-service-hazelmere/,Generic Cleaning Service
https://smurfettescleaningservice.net/cleaning-service-henley-brook/,Generic Cleaning Service
https://smurfettescleaningservice.net/cleaning-service-herne-hill/,Generic Cleaning Service
https://smurfettescleaningservice.net/cleaning-service-jane-brook/,Generic Cleaning Service
https://smurfettescleaningservice.net/cleaning-service-kiara/,Generic Cleaning Service
https://smurfettescleaningservice.net/cleaning-service-koongamia/,Generic Cleaning Service
https://smurfettescleaningservice.net/cleaning-service-lexia/,Generic Cleaning Service
https://smurfettescleaningservice.net/cleaning-service-lockridge/,Generic Cleaning Service
https://smurfettescleaningservice.net/cleaning-service-malaga/,Generic Cleaning Service
https://smurfettescleaningservice.net/cleaning-service-middle-swan/,Generic Cleaning Service
https://smurfettescleaningservice.net/cleaning-service-midvale/,Generic Cleaning Service
https://smurfettescleaningservice.net/cleaning-service-millendon/,Generic Cleaning Service
https://smurfettescleaningservice.net/cleaning-service-red-hill/,Generic Cleaning Service
https://smurfettescleaningservice.net/cleaning-service-south-guildford/,Generic Cleaning Service
https://smurfettescleaningservice.net/cleaning-service-stratton/,Generic Cleaning Service
https://smurfettescleaningservice.net/cleaning-service-the-vines/,Generic Cleaning Service
https://smurfettescleaningservice.net/cleaning-service-upper-swan/,Generic Cleaning Service
https://smurfettescleaningservice.net/cleaning-service-valley-ridge/,Generic Cleaning Service
https://smurfettescleaningservice.net/cleaning-service-viveash/,Generic Cleaning Service
https://smurfettescleaningservice.net/cleaning-service-west-swan/,Generic Cleaning Service
https://smurfettescleaningservice.net/cleaning-service-whiteman/,Generic Cleaning Service
https://smurfettescleaningservice.net/cleaning-service-woodbridge/,Generic Cleaning Service
https://smurfettescleaningservice.net/cleaning-service-swan-view/,Generic Cleaning Service
https://smurfettescleaningservice.net/cleaning-service-cooloongup/,Generic Cleaning Service
https://smurfettescleaningservice.net/cleaning-service-east-rockingham/,Generic Cleaning Service
https://smurfettescleaningservice.net/cleaning-service-golden-bay/,Generic Cleaning Service
https://smurfettescleaningservice.net/cleaning-service-hillman/,Generic Cleaning Service
https://smurfettescleaningservice.net/cleaning-service-karnup/,Generic Cleaning Service
https://smurfettescleaningservice.net/cleaning-service-peron/,Generic Cleaning Service
https://smurfettescleaningservice.net/cleaning-service-port-kennedy/,Generic Cleaning Service
https://smurfettescleaningservice.net/cleaning-service-safety-bay/,Generic Cleaning Service
https://smurfettescleaningservice.net/cleaning-service-sinagra/,Generic Cleaning Service
https://smurfettescleaningservice.net/cleaning-service-secret-harbour/,Generic Cleaning Service
https://smurfettescleaningservice.net/cleaning-service-shoalwater/,Generic Cleaning Service
https://smurfettescleaningservice.net/cleaning-service-lakelands/,Generic Cleaning Service
https://smurfettescleaningservice.net/cleaning-service-singleton/,Generic Cleaning Service
https://smurfettescleaningservice.net/cleaning-service-waikiki/,Generic Cleaning Service
https://smurfettescleaningservice.net/cleaning-service-warnbro/,Generic Cleaning Service
https://smurfettescleaningservice.net/cleaning-service-bouvard/,Generic Cleaning Service
https://smurfettescleaningservice.net/cleaning-service-dudley-park/,Generic Cleaning Service
https://smurfettescleaningservice.net/cleaning-service-coodanup/,Generic Cleaning Service
https://smurfettescleaningservice.net/cleaning-service-dawesville/,Generic Cleaning Service
https://smurfettescleaningservice.net/cleaning-service-erskine/,Generic Cleaning Service
https://smurfettescleaningservice.net/cleaning-service-falcon/,Generic Cleaning Service
https://smurfettescleaningservice.net/cleaning-service-halls-head/,Generic Cleaning Service
https://smurfettescleaningservice.net/cleaning-service-madora-bay/,Generic Cleaning Service
https://smurfettescleaningservice.net/cleaning-service-meadow-springs/,Generic Cleaning Service
https://smurfettescleaningservice.net/cleaning-service-san-remo/,Generic Cleaning Service
https://smurfettescleaningservice.net/cleaning-service-silver-sands/,Generic Cleaning Service
https://smurfettescleaningservice.net/cleaning-service-wannanup/,Generic Cleaning Service
https://smurfettescleaningservice.net/cleaning-service-barragup/,Generic Cleaning Service
https://smurfettescleaningservice.net/cleaning-service-furnissdale/,Generic Cleaning Service
https://smurfettescleaningservice.net/cleaning-service-ravenswood/,Generic Cleaning Service
https://smurfettescleaningservice.net/cleaning-service-south-yunderup/,Generic Cleaning Service
https://smurfettescleaningservice.net/cleaning-service-north-yunderup/,Generic Cleaning Service
https://smurfettescleaningservice.net/cleaning-service-pinjarra/,Generic Cleaning Service
https://smurfettescleaningservice.net/cleaning-service-como/,Generic Cleaning Service
https://smurfettescleaningservice.net/cleaning-service-byford/,Generic Cleaning Service
https://smurfettescleaningservice.net/cleaning-service-karawara/,Generic Cleaning Service
https://smurfettescleaningservice.net/cleaning-service-kensington/,Generic Cleaning Service
https://smurfettescleaningservice.net/cleaning-service-manning/,Generic Cleaning Service
https://smurfettescleaningservice.net/cleaning-service-salter-point/,Generic Cleaning Service
https://smurfettescleaningservice.net/cleaning-service-waterford/,Generic Cleaning Service
https://smurfettescleaningservice.net/cleaning-service-crawley/,Generic Cleaning Service
https://smurfettescleaningservice.net/cleaning-service-tamala-park/,Generic Cleaning Service
https://smurfettescleaningservice.net/cleaning-service-jolimont/,Generic Cleaning Service
https://smurfettescleaningservice.net/cleaning-service-shenton-park/,Generic Cleaning Service
https://smurfettescleaningservice.net/cleaning-service-highgate/,Generic Cleaning Service
https://smurfettescleaningservice.net/cleaning-service-leederville/,Generic Cleaning Service
https://smurfettescleaningservice.net/cleaning-service-mt-hawthorn/,Generic Cleaning Service
https://smurfettescleaningservice.net/cleaning-service-north-perth/,Generic Cleaning Service
https://smurfettescleaningservice.net/cleaning-service-burswood/,Generic Cleaning Service
https://smurfettescleaningservice.net/cleaning-service-carlisle/,Generic Cleaning Service
https://smurfettescleaningservice.net/cleaning-service-east-victoria-park/,Generic Cleaning Service
https://smurfettescleaningservice.net/cleaning-service-lathlain/,Generic Cleaning Service
https://smurfettescleaningservice.net/cleaning-service-st-james/,Generic Cleaning Service
https://smurfettescleaningservice.net/cleaning-service-alexander-heights/,Generic Cleaning Service
https://smurfettescleaningservice.net/cleaning-service-alkimos/,Generic Cleaning Service
https://smurfettescleaningservice.net/cleaning-service-ashby/,Generic Cleaning Service
https://smurfettescleaningservice.net/cleaning-service-banksia-grove/,Generic Cleaning Service
https://smurfettescleaningservice.net/cleaning-service-butler/,Generic Cleaning Service
https://smurfettescleaningservice.net/cleaning-service-carabooda/,Generic Cleaning Service
https://smurfettescleaningservice.net/cleaning-service-carramar/,Generic Cleaning Service
https://smurfettescleaningservice.net/cleaning-service-clarkson/,Generic Cleaning Service
https://smurfettescleaningservice.net/cleaning-service-darch/,Generic Cleaning Service
https://smurfettescleaningservice.net/cleaning-service-eglinton/,Generic Cleaning Service
https://smurfettescleaningservice.net/cleaning-service-girrawheen/,Generic Cleaning Service
https://smurfettescleaningservice.net/cleaning-service-gnangara/,Generic Cleaning Service
https://smurfettescleaningservice.net/cleaning-service-hocking/,Generic Cleaning Service
https://smurfettescleaningservice.net/cleaning-service-jandabup/,Generic Cleaning Service
https://smurfettescleaningservice.net/cleaning-service-jindalee/,Generic Cleaning Service
https://smurfettescleaningservice.net/cleaning-service-koondoola/,Generic Cleaning Service
https://smurfettescleaningservice.net/cleaning-service-landsdale/,Generic Cleaning Service
https://smurfettescleaningservice.net/cleaning-service-madeley/,Generic Cleaning Service
https://smurfettescleaningservice.net/cleaning-service-marangaroo/,Generic Cleaning Service
https://smurfettescleaningservice.net/cleaning-service-mariginiup/,Generic Cleaning Service
https://smurfettescleaningservice.net/cleaning-service-merriwa/,Generic Cleaning Service
https://smurfettescleaningservice.net/cleaning-service-mindarie/,Generic Cleaning Service
https://smurfettescleaningservice.net/cleaning-service-neerabup/,Generic Cleaning Service
https://smurfettescleaningservice.net/cleaning-service-willeton/,Generic Cleaning Service
https://smurfettescleaningservice.net/cleaning-service-welshpool/,Generic Cleaning Service
https://smurfettescleaningservice.net/cleaning-service-shelley/,Generic Cleaning Service
https://smurfettescleaningservice.net/cleaning-service-rossmoyne/,Generic Cleaning Service
https://smurfettescleaningservice.net/cleaning-service-riverton/,Generic Cleaning Service
https://smurfettescleaningservice.net/cleaning-service-queens-park/,Generic Cleaning Service
https://smurfettescleaningservice.net/cleaning-service-parkwood-2/,Generic Cleaning Service
https://smurfettescleaningservice.net/cleaning-service-lynwood/,Generic Cleaning Service
https://smurfettescleaningservice.net/cleaning-service-ferndale/,Generic Cleaning Service
https://smurfettescleaningservice.net/cleaning-service-east-cannington/,Generic Cleaning Service
https://smurfettescleaningservice.net/cleaning-service-canning-vale/,Generic Cleaning Service
https://smurfettescleaningservice.net/cleaning-service-cannington/,Generic Cleaning Service
https://smurfettescleaningservice.net/cleaning-service-bentley/,Generic Cleaning Service
https://smurfettescleaningservice.net/cleaning-service-west-leederville/,Generic Cleaning Service
https://smurfettescleaningservice.net/cleaning-service-wembley/,Generic Cleaning Service
https://smurfettescleaningservice.net/cleaning-service-floreat/,Generic Cleaning Service
https://smurfettescleaningservice.net/cleaning-service-daglish/,Generic Cleaning Service
https://smurfettescleaningservice.net/cleaning-service-city-beach/,Generic Cleaning Service
https://smurfettescleaningservice.net/cleaning-service-rivervale/,Generic Cleaning Service
https://smurfettescleaningservice.net/cleaning-service-redcliffe/,Generic Cleaning Service
https://smurfettescleaningservice.net/cleaning-service-perth-airport/,Generic Cleaning Service
https://smurfettescleaningservice.net/cleaning-service-kewdale/,Generic Cleaning Service
https://smurfettescleaningservice.net/cleaning-service-cloverdale/,Generic Cleaning Service
https://smurfettescleaningservice.net/cleaning-service-ascot/,Generic Cleaning Service
https://smurfettescleaningservice.net/cleaning-service-noranda/,Generic Cleaning Service
https://smurfettescleaningservice.net/cleaning-service-morley/,Generic Cleaning Service
https://smurfettescleaningservice.net/cleaning-service-maylands/,Generic Cleaning Service
https://smurfettescleaningservice.net/cleaning-service-embleton/,Generic Cleaning Service
https://smurfettescleaningservice.net/cleaning-service-dianella/,Generic Cleaning Service
https://smurfettescleaningservice.net/cleaning-service-bedford/,Generic Cleaning Service
https://smurfettescleaningservice.net/cleaning-service-wungong/,Generic Cleaning Service
https://smurfettescleaningservice.net/cleaning-service-seville-grove/,Generic Cleaning Service
https://smurfettescleaningservice.net/cleaning-service-roleystone/,Generic Cleaning Service
https://smurfettescleaningservice.net/cleaning-service-piara-waters/,Generic Cleaning Service
https://smurfettescleaningservice.net/cleaning-service-mt-richon/,Generic Cleaning Service
https://smurfettescleaningservice.net/cleaning-service-mt-nasura/,Generic Cleaning Service
https://smurfettescleaningservice.net/cleaning-service-kelmscott/,Generic Cleaning Service
https://smurfettescleaningservice.net/cleaning-service-karragullen/,Generic Cleaning Service
https://smurfettescleaningservice.net/cleaning-service-hilbert/,Generic Cleaning Service
https://smurfettescleaningservice.net/cleaning-service-haynes/,Generic Cleaning Service
https://smurfettescleaningservice.net/cleaning-service-harrisdale/,Generic Cleaning Service
https://smurfettescleaningservice.net/cleaning-service-forrestdale/,Generic Cleaning Service
https://smurfettescleaningservice.net/cleaning-service-champion-lakes/,Generic Cleaning Service
https://smurfettescleaningservice.net/cleaning-service-camillo/,Generic Cleaning Service
https://smurfettescleaningservice.net/cleaning-service-brookdale/,Generic Cleaning Service
https://smurfettescleaningservice.net/cleaning-service-bedfordale/,Generic Cleaning Service
https://smurfettescleaningservice.net/cleaning-service-ashendon/,Generic Cleaning Service
